title,year,country,director,genre,imdb_id
34-й скорый,1981,СССР,Андрей Малюков,"Фильм-катастрофа, приключенческий фильм, драма",tt0081967
33 (фильм),2015,"США, Чили, Колумбия",Патрисия Ригген,драма,tt2006295
38-я параллель (фильм),2004,Республика Корея,Кан Джегю,"драма, боевик, военный",tt0386064
36 безумных кулаков,1977,Гонконг,Чэнь Чжихуа,"боевик, комедия",tt0076661
Аватар: Пламя и пепел,2025,США,Джеймс Кэмерон,"эпический фильм, научная фантастика, приключенческий боевик",tt1757678
"Аватар, или Замена душ",1964,Польша,Януш Маевский,"фантастика, драма",tt0932937
Актриса (фильм),1942,СССР,Леонид Трауберг,"мелодрама, комедия, военный фильм",tt0035620
Активная зона (фильм),1979,СССР,Леонид Пчёлкин,драма,tt0078745
"Американская трагедия (фильм, 1931)",1931,США,Джозеф фон Штернберг,драма,tt0021607
Американская сказка,2008,США,Дэвид Цукер,"фэнтези, комедия",tt1190617
Американская рапсодия,2001,"США, Венгрия",Эва Гардос,"биографический фильм, фильм о взрослении, драма",tt0221799
Американская пастораль,2016,США,Юэн Макгрегор,"драма,, криминал",tt0376479
Анна Бонд,2012,Индия,Дуния Сури,"боевик, мелодрама, драма",tt2146950
"Анна (фильм, 2019)",2019,Франция,Люк Бессон,"боевик, триллер, шпионский фильм",tt7456310
Артём (фильм),1978,СССР,"Николай Кошелев,, Валентин Морозов","историко-революционный, фильм-биография, драма",tt4895692
Артек. Сквозь столетия,2025,Россия,"Карен Захаров, Армен Ананикян","комедия, приключения, фантастика",tt23752846
Баария,2009,"Франция, Италия",Джузеппе Торнаторе,"драма, комедия",tt1081935
Ба-бах,2010,"США, Франция",Грегг Араки,"комедия, фантастика",tt1523483
Барабан (фильм),2004,"США, ЮАР",Зола Масеко,драма,tt0379765
Бар-закусочная «Будапешт»,1988,Италия,Тинто Брасс,драма,tt0096125
Без дураков,1994,США,Роберт Бентон,комедийная драма,tt0110684
Без дочери — никогда,1991,США,Брайан Гилберт,драма,tt0102555
Безымянный фильм Мартина Скорсезе,Нет данных,Нет данных,Мартин Скорсезе,"Биографический фильм, криминальная драма, триллер, гангстерский фильм",N/A
"Безымянные герои (фильм, 1971)",1971,Гонконг,Чжан Чэ,"боевик, комедия",tt0067997
Берег в тумане,1941,США,Анатоль Литвак,Фильм нуар,tt0033987
Берег (фильм),1983,"Западный Берлин, СССР, ФРГ","Александр Алов, Владимир Наумов",мелодрама,tt0086951
Билли Мэдисон,1995,США,Тамра Дэвис,комедия,tt0112508
Билли Батгейт,1991,США,Роберт Бентон,"гангстерский фильм, криминальный фильм, боевик, драма",tt0101453
Блюз ночью,1941,США,Анатоль Литвак,"Музыкальный фильм, Фильм нуар, Мелодрама",tt0033409
"Блюз малышки (фильм, 2008)",2008,США,"Ларс Е. Джейкобсон, Амардип Калека","фильм ужасов, триллер, криминальный фильм",tt0972359
Большая двадцатка (фильм),2025,США,Патрисия Ригген,"боевик, фильм-триллер",tt23476986
Большая гонка. Лянча против Ауди,2024,"Италия, Великобритания",Стефано Мордини,исторический фильм,tt20112600
Борьба за справедливость,Нет данных,США,Джеймс Кич,драма,tt0110790
Борьба за свободу,1908,США,Дэвид Уорк Гриффит,вестерн,tt0228299
Бродячие псы,2013,"Китайская Республика, Франция",Цай Минлян,драма,tt3119416
Бродячие ангелы,1980,США,Алан Смити,мелодрама,tt0109966
Быстро и без боли,1998,Германия,Фатих Акин,"драма, криминальный фильм, мелодрама",tt0162426
Быстрейшая гитара из всех живущих,1967,США,Майкл Д. Мур,"вестерн, музыкальный фильм",tt0061652
В одну-единственную жизнь,1986,СССР,Игорь Апасян,драма,tt0267075
В одну сторону,2006,"Германия, Канада",Рето Салимбени,"криминальная драма,, психилогический, триллер",tt0484382
В. Давыдов и Голиаф,1985,СССР,Геннадий Байсак,комедия,tt0265968
В ясный день увидишь вечность,1970,США,Винсент Миннелли,"комедия, мюзикл",tt0066181
Ведьмина служба доставки (фильм),2014,Япония,Такаси Симидзу,экранизация романа,tt2865558
Ведьмина доска,2024,США,Чак Рассел,фильм ужасов о сверхъестественном,tt2256055
"Вероятно, дьявол",1977,Франция,Робер Брессон,драма,tt0075938
Вероника решает умереть (фильм),2009,США,Эмили Янг,Драма,tt1068678
Вздёрни их повыше,1968,США,Тед Пост,вестерн,tt0061747
Взгляды. Феноменология,2002,Россия,Дмитрий Сидоров,документальное кино,tt3848884
Владимир Ильич Ленин (фильм),1949,СССР,"Михаил Ромм, Василий Беляев",фильм-биография,tt0042671
"Владивосток, год 1918",1982,СССР,Эдуард Гаврилов,"военный, исторический",tt0240181
Военный фотограф,2001,Швейцария,Кристиан Фрей,документальный фильм,tt0309061
Военный трибунал по делу о мятеже на «Кейне» (2023),2023,США,Уильям Фридкин,"драматический фильм, военный фильм, процессуальная драма",tt24249946
"Война (фильм, 2007)",2007,США,Филлип Дж. Этвелл,боевик,tt0499556
"Война (фильм, 2002)",2002,Россия,Алексей Балабанов,"военно, драматический, боевик, русский рок",tt0309047
"Воробей (фильм, 2010)",2010,Россия,Юрий Шиллер,драма,tt1782562
"Воробей (фильм, 1993)",1993,"Италия, Япония",Франко Дзеффирелли,драма,tt0108226
"Враги (фильм, 2007)",2007,"Россия, Беларусь",Мария Можар,"военный фильм, драма",tt1286863
"Враги (фильм, 2006)",Нет данных,"США, Канада",Пол Зиллер,"фантастика, триллер",tt0470023
Всё по новой,2016,США,Стивен Брилл,"Кинокомедия, Боевик",tt4769836
Все по домам,1960,"Италия, Франция",Луиджи Коменчини,"военная, драма, комедия",tt0054413
Вход к тигру,1996,Гонконг,Шу Кэй,комедия-драма,tt0116576
Вход и выход,1997,США,Фрэнк Оз,Комедия,tt0119360
"Гавана, я люблю тебя",2012,"Испания, Франция","Бенисио Дель Торо, Пабло Траперо, Элиа Сулейман, Хулио Медем, Гаспар Ноэ, Хуан Карлос Табио, Лоран Канте",драма,tt1797348
Гавана (фильм),1990,США,Сидни Поллак,драма,tt0099747
"Гедда (фильм, 2025)",2025,США,Ниа Дакоста,"драма, ЛГБТ-фильм",tt27953589
Где-то там,2001,Австрия,Николаус Гейрхалтер,документальный фильм,tt0306768
Гитлер: Карьера,1977,ФРГ,"Иоахим Фест, Кристиан Херрендёрфер",документальный фильм,tt0191182
Гитлер: Восхождение дьявола,2003,Канада,Кристиан Дюгей,"фильм-биография, драма",tt0346293
Гол в Спасские ворота,1990,СССР,Павел Любимов,"драма, спортивный",tt0353501
Гол 2: Жизнь как мечта,2007,Великобритания,Жауме Кольет-Серра,"драма, спортивный фильм",tt0473360
"Гордость (фильм, 2014, Иордания)",2014,"Иордания, Великобритания, ОАЭ, Катар",Наджи Абу Нувар,"историческая, драма",tt3170902
Гордецы,1953,"Франция, Мексика",Ив Аллегре,"драма, экранизация литературного произведения, романтический фильм",tt0046149
Госпожа Кровавый Снег,1973,Япония,Тосия Фудзита,"триллер, боевик, драма",tt0158714
Госпожа горничная,2002,США,Уэйн Ван,"комедия, драма, мелодрама",tt0252076
"Грубая сила (фильм, 1947)",1947,США,Жюль Дассен,"криминальный (тюремный), триллер",tt0039224
"Грубая сила (фильм, 1914)",1914,США,Дэвид Уорк Гриффит,драматический фильм,tt0002719
Дамы Булонского леса,1945,Франция,Робер Брессон,"драма, мелодрама",tt0037630
Дамы (фильм),1954,СССР,"Лев Кулиджанов, Генрих Оганесян",комедия,tt0172293
Двойная жизнь Вероники,1991,"Франция, Польша, Норвегия",Кшиштоф Кесьлёвский,"драма, мелодрама, притча",tt0101765
"Двойная жизнь (фильм, 2018)",2018,Франция,Оливье Ассаяс,комедия,tt7250056
Девушка Тянь-Шаня,1960,СССР,Алексей Очкин,драма,tt5646212
Девушка твоей мечты,1998,Испания,Фернандо Труэба,драма,tt0158030
Демоны Санкт-Петербурга,2008,Италия,Джулиано Монтальдо,"драма, фильм-биография",tt0997280
Демоны Деборы Логан,2014,США,Адам Робител,"ужасы, триллер, детектив",tt3387648
Дети Дон Кихота,1965,СССР,Евгений Карелов,Трагикомедия,tt0129035
Дети греха (фильм),1989,СССР,Годердзи Чохели,"драма, притча",tt0280158
Джиндабайн,2006,Австралия,Рэй Лоуренс,"драма, экранизация литературного произведения",tt0382765
Джина (фильм),1975,Канада,Дени Аркан,драма,tt0071552
Дикие сердцем,1990,США,Дэвид Линч,"криминальная, мелодрама, чёрная комедия",tt0100935
Дикие постели (фильм),1979,"Италия, Испания",Луиджи Дзампа,комедия,tt0079463
"Дни Турбиных (фильм, 1969)",1969,Италия,Эдмо Фенольо,драма,tt13478040
"Дни славы (фильм, 1944)",1944,США,Жак Турнёр,драма,tt0036748
"Долгая ночь (фильм, 1951)",1951,США,Джозеф Лоузи,Фильм нуар,tt0043340
Долгая зима,Нет данных,"США, Великобритания, Канада",Эндрю Хэй,Нет данных,tt38220998
Домашняя игра (фильм),2022,США,"Чарльз Фрэнсис Киннэйн, Дэниел Киннэйн","комедия, спорт",tt14592064
Домашняя вечеринка 3,1994,США,Эрик Меса,"комедия, музыка",tt0110064
Дочь воды,1925,Франция,Жан Ренуар,"драма, мелодрама, авангард",tt0014898
Дочь Бреста,2016,Франция,Эмманюэль Берко,Драма,tt5247544
Дума про казака Голоту (фильм),1937,СССР,Игорь Савченко,"драма, боевик",tt0128953
Дума о Ковпаке,1973,СССР,Тимофей Левчук,"драма, военный фильм",tt0070008
"Евдокия (фильм, 1961)",1961,СССР,Татьяна Лиознова,мелодрама,tt0175341
"Евгения Гранде (фильм, 1960)",1960,СССР,Сергей Алексеев,драма,tt0142269
"Жажда (фильм, 2009)",2009,Республика Корея,Пак Чхан Ук,"драма, фэнтези",tt0762073
"Жажда (фильм, 1979)",1979,Австралия,Род Харди,"триллер, фильм ужасов, фантастика",tt0080016
Женские тайны,2000,США,Родриго Гарсиа,Мелодрама,tt0210358
Женские радости и печали,1982,СССР,Юрий Черный,"драма, военный фильм, экранизация",tt0252111
"Живые и мёртвые (фильм, 1964)",1964,СССР,"Александр Столпер, совместно с Владимиром Басовым","военная, драма",tt0057717
Живые герои,1959,СССР,"Марионас Гедрис, Балис Браткаускас, Арунас Жебрюнас, Витаутас Жалакявичюс",киноальманах,tt0194580
За веру и отечество,2010,Россия,Юрий Линкевич,Документальный фильм,N/A
"За бортом (фильм, 2018)",2018,США,Роб Гринберг,романтическая комедия,tt1563742
Заговор в Каире,2022,Швеция,Тарик Салех,политический триллер,tt15452062
Заговор в Голливуде,2022,США,Эдвард Дрэйк,"боевик, триллер",tt14174168
Запасное стекло,2009,США,Джонатан Глатзер,Драма,tt0832318
Запасное колесо (фильм),1978,СССР,Амиран Дарсавелидзе,комедия,tt0826620
"Звезда (фильм, 2002)",2002,Россия,Николай Лебедев,военный фильм,tt0326450
"Звезда (фильм, 2001)",2001,США,Гай Ричи,"комедия, Короткометражный фильм",tt0286151
Зелёные цепочки,1970,СССР,Григорий Аронов,"военно-детективный, детский",tt0314940
Зелёные поместья,1959,США,Мел Феррер,"романтический фильм, экранизация литературного произведения, драма",tt0052864
Знаки жизни,1968,ФРГ,Вернер Херцог,драма,tt0063218
Знаки (фильм),2002,США,М. Найт Шьямалан,"триллер, фантастика",tt0286106
Зубастики (фильм),1986,США,Стивен Херек,"фантастика, ужасы, комедия",tt0090887
Зубастая улыбка,1957,Польша,Роман Полански,короткометражный,tt0051144
Игры дьявола,2007,США,Сидни Люмет,"криминальный, триллер",tt0292963
Игры для детей школьного возраста,1985,СССР,"Арво Ихо, Лейда Лайус",драма,tt0123904
Изыди!,1991,СССР,Дмитрий Астрахан,"драма, комедия",tt0101946
Изъяны,2014,США,Райли Стернс,"драма, комедия, триллер",tt3021360
Инфекция: Фаза 2,2015,США,Джош Форбс,боди-хоррор,tt4255110
"Инфекция (фильм, 2019)",2019,"Венесуэла, Мексика",Флавио Педота,"фильм ужасов, фильм о зомби",tt6022266
История кино в Попелявах,1998,Польша,Ян Якуб Кольский,Драма,tt0177838
История Золушки 3,2011,США,Дэймон Сантостефано,"мелодрама, комедия",tt1814614
"Кавалерия (фильм, 1936)",1936,Италия,Гоффредо Алессандрини,"военный фильм, драма, мелодрама",tt0027435
Кавалеристы (фильм),1959,США,Джон Форд,"вестерн, военный, приключенческий",tt0052902
Как чокнутые,2016,"Италия, Франция",Паоло Вирдзи,комедийная драма,tt4621872
Как я был вундеркиндом,1983,СССР,Евгений Марковский,детский фильм,tt1673593
"Капкан (фильм, 2021)",2021,Россия,Галина Уразова,"драма, триллер",N/A
"Капкан (фильм, 2019)",2019,США,Александр Ажа,природный фильм ужасов,tt8364368
"Квартет (фильм, 1981)",1981,"Франция, Великобритания",Джеймс Айвори,драма,tt0082964
Квартал ужаса Снуп Догга,2006,США,Стэйси Тайтл,"комедия, ужасы",tt0475298
Кленовая пальма,2006,США,Ralph Torjan,"драма, ЛГБТ-фильм, романтический фильм",tt0481572
Клейнруппин навсегда,2004,Германия,Карстен Фибелер,Кинокомедия,tt0362804
Когда дождь и ветер стучат в окно,1967,СССР,Алоиз Бренч,"драма, приключенческий фильм",tt0314281
Когда деревья были большими,1961,СССР,Лев Кулиджанов,мелодрама,tt0055051
Колония Ланфиер (фильм),1969,"СССР, Чехословакия",Ян Шмидт,драма,tt0183367
Колония Дигнидад (фильм),2015,"Германия, Люксембург, Франция",Флориан Галленбергер,"романтическо-исторический, триллер",tt4005402
Кони не виноваты (фильм),1956,СССР,Станислав Комар,"драма, экранизация",N/A
Конечный пункт,2009,США,Джеймс Айвори,драма,tt0896923
Король бубён,1958,СССР,Борис Эпштейн,игровое кино,N/A
Король без развлечений (фильм),1963,Франция,Франсуа Летерье,драма,tt0057619
"Кошмар дома на холмах (фильм, 2003)",2004,США,Тоуб Хупер,слэшер,tt0367153
Кошмар зомби,1987,Канада,"Джек Бравман, Джон Фазано",фильм ужасов,tt0092297
Красотка на всю голову,2018,США,"Эбби Кон, Марк Силверштейн",комедия,tt6791096
Красотка на взводе,2021,США,Таня Уэкслер,комедийный боевик,tt10228134
"Кровавые деньги (фильм, 1947)",1947,США,Джон Брам,Фильм нуар,tt0039217
"Кровавое Рождество (фильм, 2022)",2022,США,Джо Бегос,"фильм ужасов, Рождественский хоррор, слэшер",tt22042742
Крысиный угол,1992,Россия,Андрей Андронников,"боевик, криминальная драма",tt0104644
Крысиные похороны по Брэму Стокеру,Нет данных,"США, Россия",Дэн Голден,"приключения, фильм ужасов, экранизация, триллер",tt0112599
Курсистка Ася,1913,Российская империя,"Кай Ганзен, Андре Мэтр",драма,tt20865830
Курс на Токио,1943,США,Делмер Дэйвс,"драма, военный фильм",tt0035799
"Легенда о Нараяме (фильм, 1958)",1958,Япония,Кэйсукэ Киносита,драма,tt0051980
"Легенда о любви (фильм, 1984)",1984,"Индия, СССР","Латиф Файзиев, Умеш Мехра","мелодрама, приключенческий фильм",tt0152509
Лесные фиалки,1980,СССР,Калье Кийск,"драма, детектив",tt0230457
Лицеистка соблазняет преподавателей,1978,,Мариано Лауренти,Итальянская эротическая комедия,tt0077852
Лицеистка,1975,Италия,Микеле Массимо Тарантини,"комедия, итальянская эротическая комедия",tt0073290
Луна пустыни,1996,США,Кевин Даулинг,"комедия, мелодрама, триллер",tt0117070
"Любовь (фильм, 2012)",2012,"Франция, Германия, Австрия",Михаэль Ханеке,драма,tt1602620
"Любовь (фильм, 2011)",2011,США,Уильям Юбэнк,"фантастика, драма",tt1541874
Люди на болоте (фильм),1981,СССР,Виктор Туров,драма,tt0237419
Люди на мосту,1959,СССР,Александр Зархи,драма,tt0176957
Маленькая исповедь,1971,СССР,Альгирдас Араминас,драма,tt0495853
"Маленькая Италия (фильм, 2018)",2018,"США, Канада",Дональд Петри,"комедия, романтическая комедия",tt6957966
Мамма Mia! (фильм),2008,"Великобритания, США",Филлида Ллойд,"мюзикл, комедия, музыкальный фильм, мелодрама",tt0795421
Мамон + Лобан,2011,Россия,"Пётр Мамонов, Сергей Лобан",документальный фильм,tt15280986
"Маска (фильм, 1994)",1994,США,Чак Рассел,"комедия, фантастика, криминал, супергероика",tt0110475
Маска Димитриоса,1944,США,Жан Негулеско,"нуар, детектив",tt0037055
Медный всадник России,2019,Россия,Василий Ливанов,исторический фильм,tt14197756
Медный ангел,1984,СССР,Вениамин Дорман,"приключенческий фильм, боевик",tt0087702
Месть Гарри Брауна,2009,Великобритания,Дэниел Барбер,"криминальный фильм, драма, триллер, фильм о вигилантах",tt1289406
Месть бедняка,2007,Франция,Лоран Бутонна,"драма, приключенческий фильм",tt0418758
Минин и Пожарский (фильм),1939,СССР,"В. Пудовкин, М. Доллер",исторический,tt0031654
Миниатюрный остров,2014,Испания,Альберто Родригес,триллер,tt3253930
"Михайло Ломоносов (фильм, 1955)",1955,СССР,Александр Иванов,историко-биографический,tt4199588
Михай Храбрый (фильм),1971,"Румыния, Италия, Франция",Серджиу Николаеску,"военно-, историческая драма, фильм-биография",tt0066078
Мой младший брат,1962,СССР,Александр Зархи,драма,tt0056253
Мой мальчик Джек,Нет данных,Великобритания,Брайан Кирк,"биографический фильм, драма, исторический фильм",tt0851430
"Монтана (фильм, 1950)",1950,США,"Рэй Энрайт, Рауль Уолш, (в титрах не указан)",вестерн,tt0042744
Монстры существуют,2015,США,Брайан Бертино,ужасы,tt3976144
Моя дочь 2,1994,США,Ховард Зифф,"мелодрама, комедия",tt0110613
"Моя дочь (фильм, 1991)",1991,США,Ховард Зифф,"мелодрама, комедия",tt0102492
"Мужчины (фильм, 1950)",1950,США,Фред Циннеман,драма,tt0042727
Мужчине живётся трудно. Фильм 48: Алый цветок Торадзиро,1995,Япония,Ёдзи Ямада,"комедия, драма",tt0114060
Мужчине живётся трудно. Фильм 47: Уважаемый господин Торадзиро Курума,1994,Япония,Ёдзи Ямада,комедия,tt0110748
Мэкки-Нож,1989,США,Менахем Голан,мюзикл,tt0097800
Мэй Ланьфан (фильм),2008,Китай,Чэнь Кайгэ,фильм-биография,tt0851532
Мэй (фильм),2002,USA,Лаки МакКи,"драма, фильм ужасов",tt0303361
На привязи у взлётной полосы,1988,СССР,Владимир Хмельницкий,драма,tt5745840
На прицеле ваш мозг,1985,СССР,"Феликс Соболев, Виктор Олендер","документальный, научно-популярный фильм",tt4555656
"Нападение на 13-й участок (фильм, 1976)",1976,США,Джон Карпентер,боевик,tt0074156
Нападение людей-кукол,1958,США,Берт Гордон,"научно-фантастический, фильм ужасов",tt0051381
Наш человек в Гаване (фильм),1959,Великобритания,Кэрол Рид,"комедия, драма, триллер",tt0054152
"Наш учитель английского (фильм, 2008)",2008,Южная Корея,Пак Гван Чхун,романтическая кинокомедия,tt1867121
Небесный мандат героя,2012,Вьетнам,Виктор Ву,"исторический, Фильм о боевых искусствах",tt2187149
Небесный меч,2014,США,Ган Хо Джанг,"приключения, боевик, фэнтези",tt2006753
Нежные воспоминания,1971,Великобритания,Тони Скотт,драма,tt0241687
Нежные кузины,1980,"Франция, ФРГ",Дэвид Хэмилтон,"Мелодрама, Драма, Эротика",tt0081614
Неотразимая Марта,2001,"Германия, Италия, Австрия, Швейцария",Сандра Неттельбек,"романтическая комедия, драма",tt0246772
Неотразимая Тамара,2010,Великобритания,Стивен Фрирз,романтическая комедия,tt1486190
Нефть (фильм),2007,США,Пол Томас Андерсон,"эпическая, драма",tt0469494
Нефтедобытчицы,1971,"Франция, Италия, Испания",Кристиан-Жак,"вестерн, комедия",tt0067637
Новые центурионы (фильм),1972,США,Ричард Флейшер,"криминальный фильм, драма",tt0068997
Новые сказки Шахерезады,1986,"СССР, Сирия",Тахир Сабиров,сказка,tt0093653
Ночь воспоминаний,2017,Республика Корея,Чан Хан Джун,психологический триллер,tt7057496
О’Хортен,2007,"Норвегия, Германия, Франция, Дания",Бент Хамер,"кинокомедия, драма",tt0962774
О. Джей: Сделано в Америке,2016,США,Эзра Эдельман,документальный фильм,tt5275892
Объятия змея,2015,"Колумбия, Венесуэла, Аргентина",Сиро Герра,драма,tt4285496
"Объятия вампира (фильм, 2013)",2013,Канада,Карл Бессай,"драма, ужасы, эротика",tt3148890
Одиноким предоставляется общежитие,1983,СССР,Самсон Самсонов,мелодрама,tt0174997
Одинокий цветок любви,2005,Китайская Республика,Цао Жуйюань,драма,tt0485656
Октагон (фильм),1980,США,Эрик Карсон,Боевик,tt0081259
Октагон: Боец vs Рестлер,2020,Великобритания,Джесси Кинонес,"экшн, спорт",tt5505992
Опасный бизнес,2018,США,Нэш Эдгертон,"боевик, комедия",tt3721964
"Опасный возраст (фильм, 1957)",1959,Канада,Сидни Дж. Фьюри,драма,tt0051517
Основные цвета (фильм),1998,"США, Великобритания, Германия, Франция, Япония, Португалия, Люксембург",Майк Николс,"комедия, драма",tt0119942
Основные принципы добра,2016,США,Роб Бёрнетт,комедийная драма,tt2452386
Ответный ход Бульдога Драммонда,1934,США,Рой Дель Рут,"детектив, комедия",tt0024932
Ответный ход,1981,СССР,Михаил Туманишвили,"боевик, приключения, военный фильм",tt0168111
"Отцы и дети (фильм, 1983)",1983,СССР,Вячеслав Никифоров,"экранизация, драма",tt0260641
"Отцы и дети (фильм, 1958)",1958,СССР,"Адольф Бергункер, Наталья Рашевская","драма, экранизация",tt0053817
Падающее небо,2002,Норвегия,Гуннар Викене,"драма, комедия",tt0339149
Падающая кошка,1894,Франция,Этьен-Жюль Маре,документальный,tt2049440
Парень-каратист 2,1986,США,Джон Эвилдсен,"боевик, семейный фильм, мелодрама",tt0091326
Пенная ванна (мультфильм),1981,Венгрия,Дьёрдь Коваснаи,музыкальный фильм,tt0079258
"Пенн и Теллер: Сделай так, чтоб тебя убили",1989,США,Артур Пенн,комедия,tt0098073
Пенелопа (фильм),2006,"Великобритания, США",Марк Палански,"романтическая, комедия, фэнтези",tt0472160
Переступая черту,1990,Великобритания,Дэвид Лиленд,драма,tt0099136
Перестрелка в Локандвале,2007,Индия,Апурва Лакхия,боевик,tt0811066
Пила 2,2005,США,Даррен Линн Боусман,фильм ужасов,tt0432348
Пила (короткометражный фильм),2003,Австралия,Джеймс Ван,фильм ужасов,tt0495241
Племянница фрау О,1974,ФРГ,Зиги Ротемунд,"мелодрама, эротика",tt0071754
Племя пещерного медведя (фильм),1986,США,Майкл Чэпмен,драма,tt0090848
Побег из Могадишо,2021,Республика Корея,Рю Сын Ван,"боевик, драма, военный, история",tt14810692
"Под покровом ночи (фильм, 1990)",1990,США,Нико Масторакис,фильм-триллер,tt0097573
Под покровом небес (фильм),1990,"Великобритания, Италия",Бернардо Бертолуччи,драма,tt0100594
"Под покровом ночи (фильм, 1977)",Нет данных,США,Дэн Кертис,фильм ужасов,tt0075917
"Поездка (фильм, 2002)",2002,США,Майлс Суэйн,"комедия, драма, мелодрама",tt0250067
Поездка в Америку,1988,США,Джон Лэндис,"приключения, комедия, мелодрама",tt0094898
Полицейская академия 2: Их первое задание,1985,США,Джерри Пэрис,Криминальная комедия,tt0089822
Полицейская академия,1984,США,Хью Уилсон,комедия,tt0087928
Попса (фильм),2005,Россия,Елена Николаева,"мелодрама, музыкальный фильм",tt0460532
Попрыгунья (фильм),1955,СССР,Самсон Самсонов,мелодрама,tt0048504
Попкорн под кисло-сладким соусом,1999,США,Ниша Ганатра,"драма, комедия",tt0126240
"Последний (фильм, 2011)",2011,Азербайджан,Теймур Даими,апокалиптическая притча,tt3509082
Последние часы,2013,США,Зак Хилдитч,"фантастика, триллер, фильм-катастрофа, драма",tt2268458
Последняя поездка (фильм),2011,США,Гарри Томасон,драма,tt1605803
Последняя подводная лодка,1993,Германия,Франк Байер,военный,tt0100012
"Поцелуй смерти (фильм, 1977)",Нет данных,Великобритания,Майк Ли,"комедия, драма",tt0076273
"Поцелуй смерти (фильм, 1947)",1947,США,Генри Хэтэуэй,"Фильм нуар, Драма, Триллер",tt0039536
"Предостережение (фильм, 1980)",1980,США,Грейдон Кларк,фантастика,tt0081764
"Приглашение (фильм, 2022)",2022,США,Джессика М. Томпсон,фильм ужасов,tt12873562
"Приглашение (фильм, 2015)",2015,США,Кэрин Кусама,"фильм-триллер, фильм-тайна",tt2400463
Приключения Толи Клюквина (фильм),1964,СССР,Виктор Эйсымонт,комедия,tt0058491
Приключения с пиджаком Тарапуньки,1955,СССР,Виктор Иванов,комедия,N/A
Пробуждение Джима Бёрка,1935,США,Ламбе́рт Хи́лльер,драма,tt0026089
"Пробуждение (фильм, 2008)",2008,Дания,Кристиан Тафдруп,драма,tt1233198
"Пропавшая (фильм, 2020)",2020,США,Джон Хайамс,триллер,tt7711170
"Прощайте, фараоны!",1974,СССР,"Вячеслав Винник, Давид Черкасский","сатирическая, комедия",tt0396825
"Прощайте, доктор Фрейд!",2004,Россия,Марина Мигунова,комедия,tt0436685
Путешествие миссис Шелтон,1975,СССР,Радомир Василевский,"мелодрама, комедия, приключения",N/A
Путешествие металлиста,2005,Канада,"Сэм Данн, Скот МакФадьен",Документальный,tt0478209
Раб снов,1995,США,Роберт М. Янг,драма,tt0114470
Р.Э.К.В.И.Э.М.,1963,США,Герд Освальд,фантастика,tt0667821
Ракета (фильм),2013,"Австралия, Лаос, Таиланд",Ким Мордонт,драма,tt2178256
Райское яблочко,1998,Россия,Роман Ершов,комедия,tt5159826
Революция Иисуса,2023,США,"Джон Эрвен, Брент Маккоркл",драма,tt10098448
Революция в минуту,1970,США,Стэнли Крамер,драма,tt0066273
Робби (фильм),1968,США,Ральф Блюмке,история взросления,tt0063513
Робер и Робер,1978,Франция,Клод Лелуш,комедия,tt0078171
Рок-н-рольщик,2008,Великобритания,Гай Ричи,"черная комедия, криминальный фильм, триллер, боевик",tt1032755
Рок-н-ролльный цирк «Роллинг Стоунз»,1996,Великобритания,Michael Lindsay-Hogg,музыкальный фильм,tt0122689
Русский рейд,2020,Россия,Денис Крючков,"фантастика, боевик",tt12425868
Русский регтайм,1993,Россия,Сергей Урсуляк,драма,tt0108012
Садо (фильм),2015,Республика Корея,Ли Чжун Ик,"драма,, исторический фильм",tt4010918
"Сахар (фильм, 2014)",2015,Австралия,Дамон Гамо,документальный фильм,tt3892434
"Сахар (фильм, 2011)",2011,"Израиль, Россия",Вадим Данцигер,"короткометражный, комедия, драма",tt1954857
"Свой среди чужих, чужой среди своих",1974,СССР,Никита Михалков,"истерн, драма, приключения",tt0072231
Свой парень,1974,СССР,Павел Любимов,"мелодрама, комедия",N/A
Секретный фарватер (фильм),1986,СССР,Вадим Костроменко,"приключенческий, военный",tt2317100
Секретный агент Ройс,1994,США,Род Холкомб,"боевик, триллер, комедия",tt0111026
Сентиментальный роман,1977,СССР,Игорь Масленников,мелодрама,tt0075190
Сентиментальный меченосец 3,1982,Гонконг,Чу Юань,"приключенческий фильм, детектив",tt0083735
Сила страсти,1989,"США, Швейцария",Джек Смайт,мелодрама,tt0097341
Сила стихии,2020,США,Майкл Полиш,"боевик, криминал",tt10308928
Скандальное происшествие в Брикмилле,1980,СССР,Юрий Соломин,"философская, драма,, притча",tt0230791
Следы на воде,2016,Белоруссия,Александр Анисимов,исторический фильм,N/A
Следы апостолов,2013,Беларусь,Сергей Талыбов,приключения,tt5277222
Смертельные сказки,1986,США,Джеффри Делман,"комедия, киноальманах, ужасы",tt0092850
Смертельные попутчики,1961,США,Сэм Пекинпа,вестерн,tt0054795
"Снежная страна (фильм, 1957)",1957,Япония,Сиро Тоёда,драма,tt0051217
Снежная сказка (фильм),1959,СССР,"Алексей Сахаров, Эльдар Шенгелая",сказка,tt0175185
Солдаты (фильм),1956,СССР,Александр Иванов,"драма, военный фильм",tt0049776
Солдатское сердце (фильм),1958,СССР,Сергей Колосов,киноповесть,tt0253728
Союз спасения (фильм),2019,Россия,Андрей Кравчук,"историческая драма, военный фильм, приключения",tt8769146
Союзники (фильм),2016,США,Роберт Земекис,романтический триллер,tt3640424
Ставка на мёртвого жокея,1957,США,Ричард Торп,Фильм нуар,tt0051088
Стависки (фильм),1974,"Франция, Италия",Ален Рене,драма,tt0072204
Сто тысяч долларов на солнце,1964,"Франция, Италия",Анри Вернёй,"приключенческий фильм, боевик, комедия",tt0056917
Сто солдат и две девушки,1989,СССР,Сергей Микаэлян,"военный фильм, драма",tt3042438
"Страшная месть (фильм, 1912)",1913,Российская империя,Владислав Старевич,драма,N/A
Страшная воля богов,2014,Япония,Такаси Миикэ,Фильм ужасов,tt3354222
Сумеречный ужас,1995,США,Уильям Грэм,триллер,tt0114654
Сумеречный самурай,2002,Япония,Ёдзи Ямада,драма,tt0351817
Сын Божий (фильм),2014,США,Кристофер Спенсер,"Пеплум, фильм-биография, драма",tt3210686
Сын акулы,1993,"Франция, Бельгия, Люксембург",Аньес Мерле,"криминальный фильм, драма",tt0106904
Тайна перевала Дятлова,2013,"Великобритания, Россия",Ренни Харлин,"фильм ужасов, триллер, псевдодокументальный фильм",tt1905040
Тайна партизанской землянки,1974,СССР,"Юрий Тупицкий, Валентин Фещенко","детское кино, приключения",tt3127078
Танец с незнакомцем,1985,Великобритания,Майк Ньюэлл,"криминальный фильм, биографический фильм, драма",tt0088987
Танец с ветром,2004,Республика Корея,Пак Чон Ву,мелодрама,tt0400209
"Тельма (фильм, 2017)",2017,"Норвегия, Франция, Швеция, Дания",Йоаким Триер,Артхаус,tt6304046
Тель-Авив в огне,2018,"Израиль, Франция, Люксембург",Самех Зоаби,"комедия, мелодрама",tt5791098
Тилл (фильм),2022,"США, Великобритания",Чинонье Чукву,"биографический фильм, драма",tt4960748
"Тик-так, бум!",2021,США,Лин-Мануэль Миранда,музыкальный фильм,tt8721424
Тони Эрдманн,2016,"Германия, Австрия, Румыния, Франция",Марен Аде,"драма, комедия",tt4048272
Тони (фильм),1935,Франция,Жан Ренуар,"драма, криминальный фильм",tt0025898
Третья дочь,1970,СССР,Анвар Тураев,"драма, экранизация",N/A
Третья волна зомби,2017,Ирландия,Дэвид Фрейн,"фильм ужасов, фильм о зомби, постапокалиптический фильм",tt3463106
Триумф духа,1989,США,Роберт М. Янг,драма,tt0098513
Триумф воли,1935,Нацистская Германия,Лени Рифеншталь,документальный фильм,tt0025913
Тучи над Борском,1960,СССР,Василий Ордынский,драма,tt0054411
Туфли с золотыми пряжками,1976,СССР,Георгий Юнгвальд-Хилькевич,фильм-сказка,tt0387651
Убийство в «Восточном экспрессе» (телефильм),Нет данных,США,Карл Шенкель,детектив,tt0279250
Убийство без преступления,1950,Великобритания,Джей Ли Томпсон,Криминальная драма,tt0042763
"Удачи вам, господа!",1992,Россия,Владимир Бортко,"комедия, детективный фильм",tt0105674
"Удачи, веселитесь, не умирайте",2025,"США, Германия, ЮАР",Гор Вербински,"научно-фантастический фильм, приключения, боевик",tt1341338
Улица страха. Часть 1: 1994,2021,США,Ли Джаньяк,"слэшер, о сверхъестественном",tt6566576
Улица Страха: Королева красоты,2025,США,Мэтт Палмер,фильм ужасов,tt31433402
"Утренний патруль (фильм, 1938)",1938,США,Эдмунд Гулдинг,"драма, военный",tt0030044
Утренний обход,1979,СССР,Аида Манасарова,драма,tt0080072
Фелисити (фильм),1978,Австралия,Джон Д. Ламон,"романтика, драма, эротика",tt0079144
Фейерверки по средам,2006,Иран,Асгар Фархади,драма,tt0845439
Франкенштейн освобождённый,1990,США,Роджер Корман,"драма, фильм ужасов, фантастика",tt0099612
Франкенштейн Мэри Шелли,1994,"Япония, США",Кеннет Брана,"драма, ужасы, мелодрама, фантастика",tt0109836
Хитмэн: Агент 47,2015,США,Александр Бах,"боевик, триллер",tt2679042
Хитмэн,2007,"Франция, США, Великобритания",Ксавье Жанс,"боевик, криминальный фильм, драма, триллер, киномузыка",tt0465494
Хочу в Голливуд,2010,Испания,Бигас Луна,эротическая мелодрама,tt1512109
Хочу быть министром,1977,СССР,Екатерина Сташевская-Народицкая,мелодрама,tt0076258
Цветок на камне,1962,СССР,"Анатолий Слесаренко, Сергей Параджанов",драма,tt0056619
Цветок моей тайны,1995,Испания,Педро Альмодовар,драма,tt0113083
"Частная жизнь (фильм, 2018)",2018,США,Тамара Дженкинс,комедийная драма,tt5536610
"Частная жизнь (фильм, 1982)",1982,СССР,Юлий Райзман,драма,tt0083732
Человек-макинтош,1973,"Великобритания, США, Австралия",Джон Хьюстон,триллер,tt0070351
"Чёрная пантера (фильм, 2018)",2018,США,Райан Куглер,"супергероика, боевик, научная фантастика",tt1825683
"Чёрная пантера (фильм, 1966)",1966,ГДР,Йозеф Мах,"цирковое представление, мелодрама",tt0060947
"Четыре всадника Апокалипсиса (фильм, 1921)",1921,США,Рекс Ингрэм,"драма, мелодрама, военный",tt0012190
Четыре всадника,1972,Гонконг,Чжан Чэ,"боевик, драма",tt0068605
Чудный характер,1970,СССР,Константин Воинов,драма,tt0173734
Чудная долина,2004,Россия,Рано Кубаева,Комедия,tt1254220
Шарлотта Грей (фильм),2001,"Великобритания, Австралия, Германия",Джиллиан Армстронг,"драма, мелодрама, триллер, военный фильм",tt0245046
Шарло в Испании,1972,"Франция, Испания",Жан Жиро,комедия,tt0068360
"Шоколад (фильм, 2000)",2000,"Великобритания, США",Лассе Халльстрём,"драма, мелодрама",tt0241303
"Шоколад (рекламный фильм, 1972)",1972,СССР,Арнольд Карпенко,рекламный фильм,N/A
Эдисон (фильм),2005,"США, Германия",Дэвид Бьюрк,"детектив, боевик",tt0389957
"Эдем (фильм, 2024)",2024,США,Рон Ховард,"фильм-выживание, триллер",tt23149780
"Энни (фильм, 1982)",1982,США,Джон Хьюстон,"семейный фильм, мюзикл",tt0083564
Энн из Зелёных крыш (1985),1985,"Канада, ФРГ, США",Кевин Салливан,"драма, семейный фильм",tt0088727
"Юбилей (фильм, 1944)",1944,СССР,Владимир Петров,комедия,tt0037477
Я мечтала об Африке,2000,Великобритания,Хью Хадсон,драма,tt0167203
Я любопытна — фильм в жёлтом,1967,Швеция,Вильгот Шёман,Драма,tt0061834
Ярослав Мудрый (фильм),1981,СССР,Григорий Кохан,"драма, исторический фильм",tt0201345
Ярослав. Тысячу лет назад,2010,Россия,Дмитрий Коробкин,"приключенческий фильм, фильм-биография",tt1647692
How Brown Saw the Baseball Game,1907,США,Нет данных,комедия,tt1937186
Hotel Ground Zero,Нет данных,США,Нет данных,Документальный фильм,tt1724594
The Massively Mixed-Up Middle School Mystery,2015,США,Уилл Айзенберг,Нет данных,tt3521770
The Italian Barber,1911,США,Дэвид Уорк Гриффит,комедия,tt0001709
Ziggy Stardust and the Spiders from Mars,1973,Великобритания,Донн Алан Пеннебейкер,"документальный фильм, музыкальный фильм",tt0086643
Ze фильм,2005,Франция,Ги Жак,комедия,tt0322999
Zapped. Волшебное приложение,2014,США,Питер ДеЛуис,"фэнтези,, комедия",tt3544734
Zомбоящик,2018,Россия,Константин Смирнов,комедия,tt7926840
Zомбилэнд: Контрольный выстрел,2019,США,Рубен Флейшер,"постапокалиптическая, зомби-комедия",tt1560220
Zомби каникулы,2013,Россия,Кирилл Кемниц,"зомби-комедия, трэш",tt3039378
Zолушка,2012,Россия,Антон Борматов,"комедия, мелодрама",tt2147597
Z — значит Захария,2015,"Швейцария, США, Исландия",Крэйг Зобел,"фантастика, драма, триллер",tt1598642
Young Fantasies,2017,США,"Грег Лански, (1—3), Лоран Скай, (4), Джулия Гранди,, Лоран Скай (5, 6, 9), Илья Дромбелд, Лоран Скай (7), Дерек Дозер, Лоран Скай (8)",порнофильм,N/A
Young & Beautiful,2016,США,"Грег Лански, (1—7), Лоран Скай, (8), Дерек Дозер, Илья Дромбелд, Лоран Скай (9, 10), Дерек Дозер,, Джулия Гранди, (11), Дерек Дозер, Джулия Гранди, Лоран Скай (12)",порнофильм,N/A
"Yesterday (фильм, 2019)",2019,"США, Великобритания",Дэнни Бойл,"романтическая комедия, музыкальный фильм, фэнтези",tt8079248
"Yesterday (фильм, 1985)",1985,Польша,Радослав Пивоварский,мелодрама,tt0090352
"Yellow (фильм, 2006)",2006,Канада,Нил Бломкамп,Фантастика,tt1543272
XXY (фильм),2007,"Аргентина, Испания, Франция",Лусия Пуэнсо,драма,tt0995829
XXXY (фильм),2000,США,"Porter Gale, Laleh Soomekh","документальный, короткометражка",tt0283152
XX/XY,2002,США,Остин Чик,Мелодрама,tt0245573
X+Y,2014,Великобритания,Морган Мэтьюз,"комедийная драма, подростковый фильм, история взросления, драма",tt3149038
"X (фильм, 2022)",2022,США,Тай Уэст,слэшер,tt13560574
X (серия фильмов),2022,США,Тай Уэст,ужасы,N/A
Women Seeking Women,2002,США,Дэн О'Коннелл,"порнофильм, ЛГБТ-фильм, лесбийские отношения в искусстве",N/A
World’s Biggest Gang Bang,1995,США,Джон Т. Боун,порнофильм,tt0196217
wkw/tk/1996@7′55″hk.net,1996,Япония,Вонг Карвай,Короткометражное кино,tt0379067
Who’s Nailin’ Paylin?,2008,США,Джером Таннер,порнофильм,tt1310622
Wicked City,1992,Гонконг,"Ёсиаки Кавадзири, Питер Мак","мистический триллер, научная фантастика, ужасы, боевик, музыка к аниме",tt0105869
When You’re Strange,2009,США,Том ДиЧилло,Документальный,tt1333667
What We Started,2017,США,Берт Маркус,документальный,tt6191876
What the Daisy Said,1910,США,Дэвид Уорк Гриффит,мелодрама,tt0001452
West 32nd,2007,"США, Республика Корея",Майкл Кан,криминальная драма,tt0844489
Welcome to Macintosh,2008,США,"Роберт Бака, Джош Риззо",документальный фильм,tt1247703
Weekend,2013,Россия,Станислав Говорухин,"детективный, триллер, нуар, драма",tt4183002
WAZ: Камера пыток,2007,Великобритания,Том Шенклэнд,"криминальный фильм, драма, фильм ужасов",tt0804552
Watch Dogs (фильм),2026,США,Матьё Тури,"приключенческий, боевик",tt31629794
Wanted (фильм),2015,США,Сторми Дэниэлс,порнофильм,tt5037816
Vogue: Глазами редактора,2012,США,"Фентон Бейли, Рэнди Барбато",документальный фильм,tt2476624
Vital,2004,Япония,Синъя Цукамото,"драма, триллер",tt0417243
Village People Radio Show,2007,Малайзия,Амир Мухаммад,документальный,tt0949861
Vicious,2025,США,Брайан Бертино,фильм ужасов,tt31511689
Verax,2013,Гонконг,"Джеф Флороу, Эдвин Ли,, Шон Се, Маркус Цуй",политический триллер,tt3302158
Veniks. Половые щётки,1991,СССР,Иван Василёв,"комедия, эротический фильм",tt0313750
Va-банк,2013,США,Брэд Фурман,"криминал, драма, триллер",tt2364841
"V.I.P. (Фильм, 2017)",2017,Республика Корея,Пак Хун Джон,триллер,tt6413410
V Центурия. В поисках зачарованных сокровищ,2010,Россия,Руслан Бальтцер,"комедия, приключения",tt1603447
"V (мини-сериал, 1983)",Нет данных,США,Кеннет Джонсон,научная фантастика,tt0085106
V — значит возмездие,2022,США,Келли Халихан,триллер,tt15745084
V — значит вендетта (фильм),2005,"Германия, Великобритания, США",Джеймс Мактиг,"боевик, фантастический фильм, драма, антиутопия, супергероика",tt0434409
Until the Light Takes Us,2009,США,"Аарон Эйтс, Одри Юэлл",Документальный,tt1014809
Unstoppable (фильм),2013,США,"Даррен Доан (, Darren Doane",документальное кино,tt3070502
Under the Veil,2021,США,Рики Гринвуд,"порнофильм, драма",tt15484588
Under Our Skin,2008,США,Эндрю Абрахамс,документальный фильм,tt1202579
"Uncharted (фильм, 2018)",2018,Канада,Аллан Унгар,"боевик, приключения, короткометражка",tt8707436
UFOria,1985,США,Джон Биндер,научная фантастика,tt0081674
U2 3D,2008,США,"Кэтрин Оуэнс, Марк Пеллингтон","концерт, рок-музыка",tt0892375
U-429: Подводная тюрьма,2004,США,Тони Джильо,"военный, триллер",tt0316824
Twisted (будущий фильм),2026,США,Даррен Линн Боусман,фильм ужасов,tt14201728
Tushy Raw (серия фильмов),2019,США,см. раздел,порнофильм,N/A
Turn Up The Sun!,Нет данных,Великобритания,Джейми Адамс,фильм-триллер,tt29713815
TPB AFK,2013,Швеция,Симон Клозе,Документальный,tt2608732
Tori Black Is Pretty Filthy,2009,США,Мэйсон,порнофильм,tt1508354
Tomb Raider: Лара Крофт,2018,"Великобритания, США",Роар Утхауг,приключенческий боевик,tt1365519
Tom of Finland (фильм),2017,"Финляндия, Швеция, Дания, Германия, США",Доме Карукоски,"драма, фильм-биография",tt5226984
To Catch a Dollar,2010,США,Гейл Ферраро,документальный,tt1541943
Tintomara,1970,"Швеция, Дания",Ханс Абрамсон,"интерсекс-фильм, драма, экранизация литературного произведения",tt0066460
Time Warped,1995,США,Трей Паркер,комедия,tt0813911
This Blue Is Mine,Нет данных,США,Нет данных,научно-фантастический фильм,tt32275802
THX 1138,1971,США,Джордж Лукас,"фантастика, антиутопия, драма, триллер",tt0066434
The Welcome Burglar,1909,США,Дэвид Уорк Гриффит,драматический фильм,tt0001090
The Wasp,2024,"США, Великобритания",Гиллем Моралес,психологический триллер,tt21958136
The Wall Live in Berlin,1990,Великобритания,"Кен О'Нил, Роджер Уотерс","музыкальный, арт-рок",tt0244296
The Voice of the Child,1911,США,Дэвид Уорк Гриффит,драматический фильм,tt0001968
"The Unauthorized Beverly Hills, 90210 Story",Нет данных,США,Ванесса Пэрайз,"мелодрама, комедия",tt5058628
The Twelfth Juror,1913,США,Джордж Лесси,драматический фильм,tt0316813
The Trouble with Spies,1987,США,Берт Кеннеди,Нет данных,tt0094188
The Telephone Girl and the Lady,1913,США,Дэвид Уорк Гриффит,драматический фильм,tt0003436
The Sun Never Sets,2026,США,Джо Сванберг,драма,tt39368267
The Sims (фильм),Нет данных,США,Кейт Херрон,Нет данных,tt1482462
The Rolling Stones. Да будет свет,2008,США,Мартин Скорсезе,Документальный фильм,tt0893382
The Rocky Road,1910,США,Дэвид Уорк Гриффит,драматический фильм,tt0001385
The Restless Spirit,1913,США,Аллан Дуон,драматический фильм,tt0132471
The Only Son,1914,США,"Оскар Апфель, Уильям Ч. де Милль, Сесил Б. ДеМилль, Томас Н. Хеффрон",драматический фильм,tt0004434
The Old Monk's Tale,1913,США,Джеймс Сирл Доули,драматический фильм,tt0242741
The Old Bookkeeper,1912,США,Дэвид Уорк Гриффит,драматический фильм,tt0002401
The Notorious Lone Wolf,1946,США,Д. Росс Ледерман,"Детективный фильм, Комедия",tt0038788
The Nona Tapes,1995,США,Рокки Шенк,псевдодокументальный фильм,tt0317951
The New Superintendent,1911,США,Френсис Боггс,драматический фильм,tt0222231
The Master Mind,1914,США,"Оскар Апфель, Сесил Б. ДеМилль",драматический фильм,tt0004314
"The Master Key (киносериал, 1914)",1914,США,Роберт З. Леонард,драматический фильм,tt0004313
The Hindoo Dagger,1909,США,Дэвид Уорк Гриффит,драматический фильм,tt0000896
The Gordon Sisters Boxing,1901,США,Эдвин Портер,боевик,tt0335124
The Good Road,2013,Индия,Гьян Корреа,драма,tt3037260
The Final Cut (фильм),1983,Великобритания,Вилли Кристи,"короткометражный фильм, музыкальный фильм",tt0433619
The Fella with a Fiddle,1937,США,Фриз Фрилинг,"комедия, семейный, мультфильм",tt0028859
The Eternal Mother,1912,США,Дэвид Уорк Гриффит,драматический фильм,tt0002162
The Englishman and the Girl,1910,США,Дэвид Уорк Гриффит,комедия,tt0001200
The Boxing Cats (Prof. Welton’s),1894,США,Уильям Диксон,документальное кино,tt0219560
The Body Is Water,Нет данных,"Ирландия, США",Викки Уайт,Нет данных,tt35855324
The Beatles. Первый приезд в США,1994,США,Альберт и Дэвид Мэйслес,документальный фильм,tt0109228
The Beatles: Get Back,2021,"Новая Зеландия, Великобритания, США",Питер Джексон,"документальный, музыкальный",tt9735318
The Beatles: Восемь дней в неделю,2016,"Великобритания, США",Рон Ховард,"документальный, музыкальный",tt2531318
The Bandit’s Waterloo,1908,США,Дэвид Уорк Гриффит,боевик,tt0000642
The Ball Game,1898,США,Уильям Хейз,документальный фильм,tt0000038
The Art of Anal Sex,2015,США,"Грег Лански, (1—9), Дерек Дозер,, Лоран Скай, (10—11), Лоран Скай (12), Джулия Гранди,, Лоран Скай (13), Джулия Гранди, Лоран Скай (14, 15), Джулия Гранди, Лоран Скай, Мэтт и Эрик (16)",порнофильм,N/A
The Amateur Detective,1914,США,Кэрролл Флеминг,комедия,tt0003614
The '?' Motorist,1906,США,Уолтер Буф,фантастика,tt0000534
That Little Ol’ Band from Texas,2019,США,Сэм Данн,документальный фильм,tt9015306
Tender Loving Care,1998,США,Дэвид Уилер,"интерактивное кино, психологический триллер",tt0149252
Tenacious D: Медиатор судьбы,2006,США,Лайам Линч,"комедия, мюзикл",tt0365830
Teenage Lesbian,2019,США,Бри Миллс,"порнографический фильм, драма, комедия",tt10808544
Taylor Swift: The Official Release Party of a Showgirl,2025,Нет данных,Тейлор Свифт,"документальное кино, музыкальный фильм",tt38367304
Taylor Swift: The Eras Tour,2023,США,Сэм Вренч,"Документальное кино, концертный фильм",tt28814949
Tatort: Die Kunst des Krieges,2016,Австрия,Томас Рот,криминальный фильм,tt5357044
T2: Трейнспоттинг,2017,Великобритания,Дэнни Бойл,"драма, чёрная комедия, Альтернативный рок, хип-хоп, электронная музыка",tt2763304
Swing Girls,2004,Япония,Синобу Ягути,Комедия,tt0435434
Sweetsick,Нет данных,"Великобритания, Австралия",Элис Бирч,Нет данных,tt38207667
Sweet Memories,1911,США,Томас Инс,драматический фильм,tt0001910
SuperПерцы,2007,США,Грег Моттола,комедия,tt0829482
Superнянь,2014,Франция,"Николя Бенаму, Филипп Лашо",комедия,tt3013602
Superкопы: Миссия Бабушка,2023,Франция,Тарек Будали,"комедийный боевик, комедия",tt27712015
Sunny (будущий фильм),Нет данных,США,Ева Сорваг,Нет данных,tt39091619
Stuntnuts: The Movie,Нет данных,"Великобритания, США",Дэмиен Уолтерс,комедийный боевик,tt31638975
Strangulation Blues,1980,Франция,Леос Каракс,драма,N/A
Strange Too,1990,Великобритания,Антон Корбейн,"музыкальный, короткометражный, альтернативный рок, синти-поп, новая волна",tt0255620
Strange (видеоальбом),1988,Великобритания,Антон Корбейн,"музыкальный, короткометражный, альтернативный дэнс, синти-поп",tt0221589
Steal This Film,2006,"Великобритания, Германия",Джейми Кинг,Документальный,tt1422757
Starship Troopers: Deadlock,2022,Германия,Штеффен Вернер,"боевик, триллер",tt14859702
Starrbooty,2007,США,Майк Руис,"комедия, электронная, поп",tt0837806
Starперцы,2013,США,Джон Тёртелтауб,кинокомедия,tt1204975
The Star Wars Holiday Special,Нет данных,"США, Канада, Австралия","Стив Биндер, Дэвид Акомба, в титрах не указан",фантастика,tt0193524
SSSSSSS,1973,США,Бернард Ковальски,ужасы,tt0070622
SPL: Sha Po Lang,2005,"Гонконг, Макао",Уилсон Ип Вайсёнь,"боевик, криминальный фильм, триллер",tt0478024
Spirits in the Forest,2019,Англия,"Антон Корбейн, John Merizalde, Pasqual Gutierrez",театральный,tt11023922
SpideyPool XXX: An Axel Braun Parody,2022,США,Аксель Браун,"порнографический фильм, комедия, экшен, порнопародия",tt22081368
Spider-Man XXX: A Porn Parody,2011,США,Аксель Браун,"порнографический фильм, супергеройка, порнопародия",tt2056702
Spider-Man XXX 2: An Axel Braun Parody,2014,США,Аксель Браун,"порнографический фильм, порнопародия, супергеройка",tt3798010
Speak of the Devil: The Canon of Anton LaVey,1993,США,Ник Бугас,документальный,tt0183811
SOS: Спасите наши души,2005,Россия,Андрей И,Подростковая драма,tt0436736
"SOS, Дед Мороз, или Всё сбудется!",2015,Россия,"Арман Геворгян, Евгений Невский","комедия, мелодрама, семейный",tt5326248
Some Kind of Monster (фильм),2004,США,"Джо Берлингер, Брюс Синовски",Документальный фильм,tt0387412
Sommartider (фильм),2024,Швеция,Пер Симонссон,"биографический фильм, драма, музыкальный фильм",tt28298505
"Solo (фильм, 2022)",2022,,Ольга Панкратова,Документальный фильм,tt14186744
Slayer: The Repentless Killogy,2019,США,"Би Джей Макдонел, Уэйн Ишэм","музыкальный фильм, Трэш-метал",tt11062388
Skywalkers: История одной пары,2024,США,Джефф Цимбалист,документальный,tt30319830
Silly Symphonies,Нет данных,США,Нет данных,Нет данных,N/A
Shrek Retold,2018,США,Грант Даффрин,Нет данных,tt9334162
Should a Woman Divorce?,1914,США,Эдвин МакКим,драматический фильм,tt0004591
Shotgun Jones,1914,США,Колин Кэмпбелл,вестерн,tt0004589
Shocking!,1976,Франция,"Клод Мюло, фр., Claude Mulot,, в титрах как Frederic Lansac)",порнофильм,tt0196950
Sheena 667,2021,Россия,Григорий Добрыгин,драма,tt9585684
Sex-вампир в России,1996,Россия,Михаил Бабаханов,эротическая мистификация,N/A
Serious Moonlight,1984,Великобритания,Нет данных,"музыкальный фильм, Рок",tt0191941
Sent Away Boys,2016,Индия,Харджант Гилл,документальный,tt5603928
Senpai Is an Otokonoko,2025,Япония,Синсукэ Янаги,"Романтичсеяка манга, Взросление",N/A
Sculpture,2022,Иран,Ramin Hosseinpour,"документальный, короткометражный, анимационный",tt17297488
Scrubs: A XXX Parody,2009,США,Ли Рой Майерс,порнопародия,tt1621929
Scrooge; or Marley's Ghost,1901,Великобритания,Уолтер Буф,"драма, фэнтези",tt0000370
Saturday Night,2010,США,Джеймс Франко,документальный фильм,tt1580427
Sati Sulochana,1934,Индия,Ярагудипати Варада Рао,фольклор,tt0265702
Satanis: The Devil’s Mass,1970,США,Рэй Лорен,документальный,tt0063550
Saga of Tanya the Evil: The Movie,2019,,Ютака Уэмура,"Боевик, фэнтези",tt9507276
S.W.A.T.: Спецназ города ангелов,2003,США,Кларк Джонсон,"боевик, криминал, триллер",tt0257076
S.W.A.T.: Огненная буря,2011,США,Бенни Бум,боевик,tt1621429
S-21: Машина смерти Красных кхмеров,2003,"Франция, Камбоджа",Ритхи Пань,"документальный фильм, исторический фильм, военный фильм",tt0368954
RRR: Рядом ревёт революция,2022,Индия,С. С. Раджамаули,боевик,tt8178634
Rory o’ the Bogs,1913,США,Дж. Фаррелл МакДональд,драматический фильм,tt0410533
Ricochet (фильм),1984,Великобритания,Джерри Тройна,музыкальный фильм,tt2942152
Ride (музыкальное видео),2012,США,Энтони Мэндлер,"короткометражный фильм, видеоклип",tt5946142
Revenge of the Petites,2012,США,Гарри Спаркс,порнофильм,tt2103240
Religulous,2008,США,Ларри Чарльз,"документальный, комедия",tt0815241
Rehguzar,1985,Индия,Джоти Саруп,Нет данных,tt0846727
Refusenik,2007,США,Лаура Биалис (Laura Bialis),документальный фильм,tt1187354
Realm of Satan,2024,США,Скотт Каммингс,документальный,tt12309944
Rattle and Hum,1988,"Ирландия, США",Фил Джоану,"Блюз-рок, хартленд-рок, рутс-рок, Документальный фильм",tt0096328
Rascal Does Not Dream of a Dreaming Girl,2019,Япония,Соити Масуи,"романтическая драма, научная фантастика",tt9881586
R.U.R. (фильм),Нет данных,"Австралия, США",Алекс Пройас,"научно-фантастический фильм, музыкальный фильм",tt27184183
"Quo Vadis (фильм, 1924)",1924,Италия,"Габриеллино Д’Аннунцио, Георг Якоби","драма, немое кино, исторический фильм",tt0015253
PVC-1,2007,Колумбия,Спирос Статулопулос,драма,tt1031951
Pussy против Путина,2013,Россия,Gogol’s Wives,документальный фильм,tt2751334
P.U.L.S.E. (концерт),1994,Великобритания,David Mallet,музыкальный,tt0110758
Psycho-Pass 3: First Inspector,2020,Япония,Наоёси Сиотани,"аниме, детектив, антиутопия, киберпанк, триллер",tt11433874
Princess Clementina,1911,Великобритания,Уилл Баркер,"приключения, немое кино",tt0244149
Pretty Peaches,1978,США,Алекс де Ренци,порнофильм,tt0078112
Prada и чувства,2011,США,Анхель Грасиа,романтическая кинокомедия,tt0893412
Präriejäger in Mexiko,1988,ГДР,Ханс Кнёцш,Нет данных,tt0221496
Pour le Mérite (фильм),1938,Германия,Карл Риттер,"военный, пропаганда",tt0136474
Posham Pa,2019,Индия,Суман Мукхопадхьяй,"криминальный фильм, драма, триллер",tt10645878
Portrait of a Call Girl,2011,США,Грехем Трэвис,порнофильм,tt2071559
Portal: No Escape,2011,США,Дэн Трахтенберг,"Боевик, Фантастика",tt2034756
Poppy Playtime (фильм),Нет данных,США,Нет данных,фильм ужасов,tt32330946
Playmobil фильм: Через вселенные,2019,Франция,Лино Дисальво,"приключения, комедия, мультфильм",tt4199898
Play (фильм),2011,"Швеция, Дания, Финляндия",Рубен Эстлунд,драма,tt1376717
Pink Floyd: Live at Pompeii,1972,Великобритания,Эдриан Мейбен,музыкальный фильм,tt0069090
Piggy Tales,Нет данных,Финляндия,Нет данных,комедия,tt3674118
Perumazhakkalam,2004,Индия,Камал,драма,tt0425350
Peeping Tom,1897,США,Нет данных,"драматический фильм, комедия",tt0216970
Pathala Bhairavi,1951,Индия,К. В. Редди,фэнтезийный фильм,tt0043908
PARTY-ZAN фильм,2016,Беларусь,Андрей Курейчик,комедия,tt7471700
Paint Drying,2016,Великобритания,Чарли Лайн,"документальный фильм, экспериментальный кинематограф, несюжетный фильм",tt5375100
"P. S. Я люблю тебя (фильм, 2007)",2007,США,Ричард Лагравенезе,"драма, мелодрама",tt0431308
Out 1,1971,Франция,"Жак Риветт, Сюзанна Шиффман",драма,tt0246135
Oru Thalai Ragam,1980,Индия,Т. Раджендар,"музыкальный фильм, романтический фильм",tt0334065
One Trick Pony,1980,США,Роберт М. Янг,драма,tt0081280
One Touch of Nature,1909,США,Дэвид Уорк Гриффит,драматический фильм,tt0000995
"One Mango, Please",2020,Россия,Надежда Михалкова,короткометражный фильм,tt13729090
One Direction: Это мы,2013,"Великобритания, США",Морган Сперлок,"документальный фильм, музыкальный фильм",tt2515086
ON и Она,2024,Россия,Евгений Корчагин,"драма, фантастика",tt28437417
Objectified,2009,США,Гари Хаствит,Документальный,tt1241325
Oasis Knebworth 1996,2021,Великобритания,Джейк Скотт,"документальное кино, фильм-концерт",tt15091500
O.K. (фильм),1970,ФРГ,Михаэль Ферхёвен,"военный фильм, драма",tt0066171
"O, Sortie!",2010,Россия,Руфат Гасанов,Документальный,N/A
Nomad (фильм),Нет данных,США,Тарон Лекстон,научно-фантастический фильм,tt10084832
NO-ONE,2018,"Израиль, Украина","Лев Прудкин,, Владимир Прудкин","драма, триллер",tt7374062
Nitabo Tsugaru Shamisen Shiso Gaibun,2004,Япония,Акио Нисидзава,"аниме, биография, драма",tt1863338
Next (телесериал),2001,Россия,Олег Фомин,"криминальный фильм, трагикомедия",tt0386959
New Kids,Нет данных,Нидерланды,"Стеффен Хаарс, Флип ван дер Куил",комедийный телесериал,tt1705084
Nel sole (фильм),1967,Италия,Альдо Гримальди,комедия,tt0138650
Neelakuyil,1954,Индия,"П. Бхаскаран, Раму Кариат",мелодрама,tt0155906
Need for Speed: Жажда скорости,2014,"США, Индия",Скотт Во,криминальный боевик,tt2369135
Natural Beauties,2016,США,"Грег Лански, (1—10, 12), Илья Дромбелд,, Кайден Кросс, Лоран Скай, (11), Джулия Гранди,, Лоран Скай (13—16, 18), Дерек Дозер, Джулия Гранди, Илья Дромбелд, Лоран Скай (17), Дерек Дозер, Джулия Гранди (19)",порнофильм,N/A
Naguva Hoovu,1971,Индия,Р. Н. К. Прасад,драма,N/A
Naa Ninna Bidalaare,1979,Индия,Вижай,"фильм ужасов, filmi",tt1402530
Mrs. Wiggs of the Cabbage Patch,1914,США,Харольд Энтвистл,драматический фильм,tt0004365
My First Interracial,2014,США,"Грег Лански, (1—13), Дерек Дозер,, Кайден Кросс, Лоран Скай, (14), Дерек Дозер, Лоран Скай (15)",порнофильм,N/A
Mr. Jones Has a Card Party,1909,США,Дэвид Уорк Гриффит,комедия,tt0000974
More (фильм),1969,"ФРГ, Франция, Люксембург",Барбе Шрёдер,драма,tt0064694
Modern Times Forever,2011,Дания,"Bjornstjerne Reuter Christiansen, Jakob Fenger, Rasmus Nielsen, Superflex","документальный фильм, экспериментальный кинематограф",tt2659636
Miss Representation,2011,США,Дженнифер Сибел Ньюсом,документальный фильм,tt1784538
MINSK (фильм),2022,Эстония,Борис Гуц,политический триллер,tt14814320
Minecraft: История Mojang,2012,США,Пол Овенс,документальное кино,tt2087878
Minecraft Multiplayer Fun,2010,Швеция,Нет данных,Нет данных,tt6346640
Minecraft в кино,2025,США,Джаред Хесс,"фэнтезийная комедия, приключения",tt3566834
Micro Men,2009,Великобритания,Saul Metzstein,документальный фильм,tt1459467
Michael Jackson’s Thriller,1983,США,Джон Лэндис,"фильм ужасов, фильм о зомби, музыкальный фильм",tt0088263
Metallica: Сквозь невозможное,2013,США,Нимрод Антал,"музыкальный фильм, хеви-метал, трэш-метал",tt2172935
Metal Gear Solid (фильм),Нет данных,"США, Япония",Джордан Вот-Робертс,"боевик, фантастика, приключенческий фильм",tt0808372
Mayday (фильм),Нет данных,США,"Джонатан Голдштейн, Джон Фрэнсис Дейли",приключенческий боевик,tt28014327
Matchbox (фильм),2026,США,Сэм Харгрейв,"приключения, боевик, комедия",tt28498219
Mass Leader,2017,Индия,Нарасимха,"боевик, драма, триллер",tt7386544
Marvel One-Shots,2011,США,См. ниже,"короткометражка, боевик, приключения, научная фантастика",tt3591568
Mamma Mia! 2,2018,США,Ол Паркер,мюзикл,tt6911608
Mama Drama (фильм),2020,Нигерия,Сейи Бабатопе,драма,tt12424356
Madonna: Innocence Lost,Нет данных,США,Брэдфорд Мэй,"драма, биографический фильм",tt0110429
Maayavan,2017,Индия,С. В. Кумар,"боевик, научная фантастика, детектив",tt7221634
Lucanus Cervus,1910,Российская империя,Владислав Старевич,немое кино,tt0140341
Love You till Tuesday (фильм),1969,Великобритания,Malcolm J Thomson,Музыкальный фильм,tt0197641
The Love We Make,2011,США,"Альберт Мэйслес, Брэдли Каплан",документальный,tt2006276
Love Finds a Way,1909,США,Дэвид Уорк Гриффит,драма,tt0000943
Love (фильм),2021,Россия,Игорь Твердохлебов,"комедия, мелодрама",tt14295864
"Louis XI, le pouvoir fracassé",Нет данных,Франция,Анри Эльман,"исторический фильм, драма",tt2120097
Lonely Water,1973,Великобритания,Джефф Грант,социальная реклама,tt0814329
Live Action Toy Story,2013,США,"Джонасон Поли, Джесси Перротта (помощник режиссёра)",Нет данных,tt11337146
Lil Peep: всё для всех,2019,США,"Себастьян Джонс, Рамез Силян",документальный,tt9617716
Lackadaisy (мультфильм),2023,США,Фэйбл Сигл,"криминальный фильм, фэнтези",tt11990574
La Carrera Panamericana,1992,Великобритания,Ян Макартур,музыкальный фильм,tt0226923
Kuzhandaiyum Deivamum,1965,Индия,Кришнан-Панджу,"комедия-драма, музыкальный фильм, семейный фильм",tt0234066
L: Изменить мир,2008,Япония,Хидэо Наката,"детектив, боевик",tt0912597
Kurt’s Bloody Suicide,1982,США,Курт Кобейн,"хоррор, психоделика",N/A
Kod Adı K.O.Z.,2015,Турция,Celal Çimen,"боевик, детективный фильм",tt4458206
Kneecap (фильм),2024,"Ирландия, Великобритания",Рич Пеппиатт,"документальная драма, комедия, драма, комедийная драма",tt27367464
KKN. Деревня танцев,2022,Индонезия,Ави Сурьяди,фильм ужасов,tt11013610
Kiss Meets the Phantom of the Park,1978,США,Гордон Хесслер,Комедия,tt0077788
Kingsman: Секретная служба,2015,"Великобритания, США",Мэттью Вон,"боевик, шпионская фантастика, комедия, драма",tt2802144
Kingsman: Золотое кольцо,2017,"США, Великобритания",Мэттью Вон,"Боевик, шпионская фантастика, комедия",tt4649466
Kingsman: Голубая кровь,Нет данных,"США, Великобритания",Мэттью Вон,"боевик, шпионский фильм, комедийный боевик",tt29529698
King’s Man: Начало,2021,"Великобритания, США",Мэттью Вон,"боевик, фантастический триллер, приключение",tt6856242
Keyboard Cat,1984,США,Чарли Шмидт,комедия,tt4552032
Keep smiling!,2003,Латвия,Аскольд Саулитис,документальный,tt7222590
Katwoman XXX,2011,Великобритания,Николас Стил,"порнопародия, порнофильм, боевик, фэнтези",tt2082320
Kara (демо),2012,Франция,Дэвид Кейдж,"короткометражный фильм, фантастика",tt2296819
Juice WRLD: В бездну,2021,США,Томми Оливер,документальный фильм,tt15168124
Johnny Bravo Goes to Bollywood,2011,"Индия, США","Ван Партибл, - Сайлас Хикки, Эндрю Оои, CJ See",комедия,tt2244937
Jazzin’ for Blue Jean,1984,Великобритания,Джульен Темпл,"комедия, музыкальный фильм, романтический фильм",tt0206839
Ivans XTC,2000,"Великобритания, США",Бернард Роуз,драма,tt0238321
Isai,2015,Индия,С. Дж. Сурья,"драма, триллер",tt4401884
Is This Thing On?,2025,США,Брэдли Купер,комедийная драма,tt28083456
Investment (фильм),2013,Индия,Ратнакар Маткари,драма,tt3122380
Intersexion,2012,"Новая Зеландия, Германия, США, ЮАР, Австралия",Грант Лахуд,"документальный, биография",tt2157302
Interracial Icon,2014,США,"Грег Лански, (1—10), Дерек Дозер,, Лоран Скай, (11), Лоран Скай (12), Джулия Гранди,, Лоран Скай (13, 14)",порнофильм,N/A
Il Boemo,2022,"Чехия, Словакия, Италия",Петр Вацлав,"Исторический фильм, -биография",tt10726774
iCarly: Летим в Японию,2008,США,Стив Ховер,"комедия, семейный фильм",tt1286124
iСтив,2013,США,Райан Перес,Кинопародия,tt2782834
I.K.U.,2001,Япония,Чжэн Шули,"научно-фантастический фильм, порнофильм, киберпанк",tt0255233
I Did It (фильм),1909,США,Дэвид Уорк Гриффит,драматический фильм,tt0000905
I (фильм),2015,Индия,Ш. Шанкар,"боевик, триллер, мелодрама",tt2302966
The Human Sexipede,2010,США,Ли Рой Майерс,"порнофильм, ужасы",tt1733297
Hulda of Holland,1913,США,"Сирл-Доули, Джеймс",драматический фильм,tt0315993
Horny House of Horror,2010,Япония,Дзюн Цугита,"пародия, ужасы, комедия, эротика",tt1806906
Homecoming: A Film by Beyoncé,2019,США,"Бейонсе, Эд Бурк","документальный, музыка",tt10147546
Homo Sapiens (фильм),2016,"Австрия, Германия, Швейцария",Николаус Гайрхальтер,документальный фильм,tt5450084
"Hold-Up (фильм, 2020)",2020,Франция,Пьер Барнериас,"документальный фильм, пропагандистский фильм",tt11729546
Hit So Hard: Школа жизни Патти Шемель,2011,США,П. Дэвид Эберсоул,"документальный фильм, фильм-биография, музыкальный фильм",tt1796503
His Chum the Baron,1913,США,Мак Сеннет,комедия,tt0228387
Her Awakening,1911,США,Дэвид Уорк Гриффит,драматический фильм,tt0001659
Heima,2007,Исландия,Дин Деблуа,"Документальный, музыкальный",tt1094594
Heartland (фильм),Нет данных,США,Шана Фест,фильм-триллер,tt38213251
He Bled Neon,Нет данных,США,Drew Kirsch,фильм-триллер,tt32125009
Halo 4: Идущий к рассвету,2012,США,Стюарт Хендлер,"боевик, фантастика, триллер",tt2262308
"H3 (фильм, 2001)",2001,"Ирландия, Великобритания, Германия, Португалия",Лес Блэр,драма,tt0290641
GTO (телесериал),1999,Япония,Масаюки Судзуки,"комедия, драма",tt0209631
Growing Up in the Universe,Нет данных,Великобритания,Стюарт Макдональд,документальный,tt0810718
Grand Theft Auto: XXX Parody,2010,США,Давн,порнографический фильм,tt1696179
Grand Cancan,2020,"Россия, Франция",М. М. Косырев-Нестеров,Музыкальная драма,tt9407312
Goodbye June,2025,Великобритания,Кейт Уинслет,драма,tt35766629
Golden (фильм),Нет данных,США,Мишель Гондри,"музыкальный фильм, биографический фильм, фильм о взрослении",tt6706352
Glass Spider,1988,Великобритания,Дэвид Маллет,"музыкальный фильм, Рок",tt0381210
Gimme Danger. История Игги и The Stooges,2016,США,Джим Джармуш,документальный фильм,tt1714917
Giant God Warrior Appears in Tokyo,2012,Япония,Синдзи Хигути,фильм о монстрах,tt2511906
Get Back Up (фильм),2020,США,Норри Нивен,документальный фильм,tt4134712
Generation П (фильм),2011,Россия,Виктор Гинзбург,"кинокомедия, драма, фантасмагория",tt0459748
Gardish,1993,Индия,Приядаршан,"боевик, драма",tt0106986
G.I. Joe: Бросок кобры. Снейк Айз,2021,США,Роберт Швентке,супергеройский фильм,tt8404256
G.I. Joe: Бросок кобры 2,2013,США,Джон Чу,"фантастика, боевик, приключения, супергероика",tt1583421
Funky Monks,1991,США,Gavin Bowden,"документальный, музыкальный",tt0275623
Fune o Amu,Нет данных,Нет данных,"Юя Исии, Тосимаса Куроянаги","драма, повседневность",tt2315226
"Frozen (фильм, 2007)",2007,Индия,Шиваджи Чандрабхушан,драма,tt1071798
Freeвольная жизнь,2005,США,Пол Динелло,комедия,tt0369994
Franz + Polina,2006,"Россия, Беларусь",Михаил Сегал,"Драма, Военный фильм, Любовная история",tt0899242
Fortitude (будущий фильм),Нет данных,"Великобритания, США",Саймон Уэст,приключенческий боевик,tt8285320
Ford против Ferrari,2019,США,Джеймс Мэнголд,"фильм-биография, спортивная драма",tt1950186
A Force More Powerful,1999,США,Стив Йорк,документальный фильм,tt0221186
Folklore: The Long Pond Studio Sessions,2020,США,Тейлор Свифт,"Документальное кино,, концертный фильм.",tt13524234
First Anal,2016,США,"Грег Лански, (1—8), Дерек Дозер,, Лоран Скай, (9, 11), Лоран Скай (10)",порнофильм,N/A
Find Makarov: Operation Kingfish,2011,Канада,Джефф Чан,Короткометражный фильм,tt2085770
Feeding Sea Lions,1900,США,Нет данных,немое кино,tt0285560
Fear of Girls,2005,США,Нет данных,"псевдодокументальная, комедия",tt0497616
Fashionistas Safado: The Challenge,2006,США,Джон Стальяно,порнофильм,tt0892293
Fashionistas Safado: Berlin,2007,,Джон Стальяно,порнофильм,tt1116763
F5 (фильм),2012,Россия,Тимофей Жалнин,"короткометражный, драма",tt2265106
F1 (фильм),2025,США,Джозеф Косински,спортивная драма,tt16311594
F@ck This Job,2021,"Россия, Великобритания, Германия",Вера Ефимовна Кричевская,документальный фильм,tt14398794
F.A.S.T.,2027,"Великобритания, США",Бен Ричардсон,фильм-триллер,tt9198366
Extraordinary Cab Accident,1903,Великобритания,Уолтер Буф,комедия,tt0000436
ESPY (фильм),1974,Япония,Дзюн Фукуда,"Научная фантастика, шпионский фильм",tt0071474
Episode 50,2011,США,"Джо Смэлли, Тереза Рейли","фильм ужасов, триллер, детективный фильм",tt1728976
Enron. Самые смышлёные парни в этой комнате,2005,США,Алекс Гибни,Документальный фильм,tt1016268
The Enemy Below,1957,США,Дик Пауэлл,"драма, триллер",tt0050356
El sartorio,1907,Аргентина,неизвестен,порно,tt0289433
El Camino,2019,США,Винс Гиллиган,"криминальный фильм, драма",tt9243946
Easy (фильм),2017,"Италия, Украина",Андреа Маньяни,кинокомедия,tt4653492
East of Havana,2006,США,"Жауретси Сайзарбитория, Эмилия Менокаль","документальный, музыкальный",tt0808241
DZIDZIO Контрабас,2017,Украина,Олег Борщевский,комедия,tt6761474
Dustards (фильм),2016,Украина,Станислав Гуренко,"документальный, познавательный, роуд-муви",tt6815378
Drishti,1990,Индия,Говинд Нихалани,драма,tt0099467
Dreaming Machine,Нет данных,Япония,Сатоси Кон,"приключенческое, фэнтези",tt7155248
Doom: Аннигиляция,2019,США,Тони Джильо,"научная фантастика, боевик",tt8328716
Doom (фильм),2005,"Великобритания, Чехия, Германия, США",Анджей Бартковяк,"научная фантастика, боевик",tt0419706
DOA: Живым или мёртвым,2006,"Германия, США, Великобритания",Кори Юэнь,"боевик, фэнтези, фильм о ниндзя",tt0398913
Do Kaliyaan,1968,Индия,Кришнан-Панджу,"комедия-драма, музыкальный фильм, семейный фильм",tt0233587
Disco Boy,2023,"Франция, Бельгия, Польша, Италия",Джакомо Аббруззезе,драма,tt22180518
The Disastrous Life of Saiki K. (фильм),2017,Япония,Юити Фукуда,"Научная фантастика, Комедия",tt4773438
Died Suddenly,2022,США,Нет данных,"пропагандистский фильм, документальный фильм",tt23810972
Diary of a Camper,1996,США,Нет данных,боевик,tt37751900
Densha Otoko (фильм),2005,Япония,Масанори Мураками,"комедия, мелодрама",tt0456121
Delirium (фильм),2012,"Украина, Чехия",Игорь Подольчак,психологическая драма,tt2040319
Delicate Sound of Thunder (фильм),1989,Великобритания,Уэйн Ишэм,музыкальный фильм,tt0097181
Deadpool The Musical,2017,США,Нет данных,кинопародия,tt6693444
Deadlock Unfocussed,2024,Германия,Штеффен Вернер,"короткометражный фильм, научная фантастика",tt32162710
David Bowie: Sound and Vision,2002,Великобритания,Рик Халл,музыкальный фильм,tt7320338
David Bowie: Black Tie White Noise,1993,Великобритания,"Дэвид Маллет, Мэттью Ролстон, («Miracle Goodnight»),, Марк Романек, («Jump They Say» и «Black Tie White Noise»)",музыкальный фильм,tt0365102
Dancing Darkies,1896,США,Уильям К.Л. Диксон,документальный фильм,tt0000060
Damon and Pythias,1914,США,Отис Тернер,драматический фильм,tt0003816
Daft Punk’s Electroma,2006,"США, Франция",Daft Punk,"драма, фантастика",tt0800022
Dом Zомби,2006,США,Дж.С. Кардоне,"фильм ужасов, драма",tt0470000
D2: Поезд на край света,2020,Чехия,Петр Бабинец,"роуд-муви, триллер, драма",tt11917636
Cry from the Sea,Нет данных,"Ирландия, Канада",Вик Сарин,романтическая драма,tt10518942
Cracked Actor,Нет данных,Великобритания,Алан Йентоб,"документальный фильм, рокъюментари",tt0377047
The Compleat Beatles,1982,США,"Патрик Монтгомери, (Patrick Montgomery)",документальный фильм,tt0083752
Comedian Harmonists (фильм),1997,"Австрия, Германия",Йозеф Фильсмайер,драма,tt0128133
Colorful Stage! The Movie: A Miku Who Can’t Sing,2025,Япония,Hiroyuki Hata,музыкальный фильм,tt33050528
CODA: Ребёнок глухих родителей,2021,"США, Франция, Канада",Шан Хейдер,"комедийная драма, история взросления",tt10366460
Clowns Spinning Hats,1900,США,неизвестно,"немое кино, фильм о цирке",tt0289126
Classic Albums: Pink Floyd – The Making of The Dark Side of the Moon,2003,Великобритания,Меттью Лонгфеллоу,Документальный фильм,tt0398868
Class of Beverly Hills,1990,США,Тим Хантер,"Молодёжная, драма",tt0125674
CKY (фильмы),1999,США,"Бэм Марджера, Джо Франц, Райан Ги, Брэндон Дикамилло","комедия, трюк",N/A
City of Scars,2010,США,Аарон Шёнке,"Боевик, фантастика, триллер",tt1683869
Citizenfour. Правда Сноудена,2014,"Германия, США, Великобритания",Лора Пойтрас,документальный,tt4044364
Cirque du Soleil: Сказочный мир,2012,США,Эндрю Адамсон,"фэнтези, семейный фильм, приключенческий фильм",tt1792647
"Ciao, 2020!",2020,Россия,Роман Бутовский,"мюзикл, пародия, комедия",tt13742134
Camp Rock: Музыкальные каникулы,Нет данных,США,Мэттью Даймонд,мюзикл,tt1055366
Camp Rock 2: Отчётный концерт,Нет данных,США,Пол Хоэн,мюзикл,tt1252380
Camp Cuddly Pines Powertool Massacre,2005,США,Джонатан Морган,порнофильм,tt0494318
"C’est la vie, mon chéri",1993,Гонконг,Дерек И,драма,tt0111770
C.R.A.Z.Y.,2005,Канада,Жан-Марк Валле,драма,tt0401085
By Any Means,Нет данных,США,Elegance Bratton,криминальный фильм,tt34379051
BTS World Tour: Love Yourself в Сеуле,2019,Республика Корея,Нет данных,"музыкальный фильм, концертный фильм",tt9448868
Bring Them Down,2024,"Ирландия, Великобритания, Бельгия, США",Christopher Andrews,фильм-триллер,tt14186876
Briana Loves Jenna,2001,США,Джастин Стерлинг,порнофильм,tt0301070
Boxing in Barrels,1901,США,неизвестно,комедия,tt0348556
Bou,1998,Индия,Сабьясачи Мохапатра,"драма, семейный фильм",tt1431227
Bon Palashir Padabali,1973,Индия,Уттам Кумар,драма,tt0233364
BMW напрокат,Нет данных,Нет данных,Нет данных,Нет данных,tt0283875
Bloodhounds of the North,1913,США,Аллан Дуон,драматический фильм,tt0002688
Blackpink: The Movie,2021,"Республика Корея, США","Чон Суи, О Юндон",Документальный фильм,tt14880612
Blackpink: Озаряя небо,2020,"Республика Корея, США",Кэролайн Су,Документальный фильм,tt13058290
Black Widow XXX: An Axel Braun Parody,2021,США,Аксель Браун,"порнографический фильм, супергеройка, порнопародия",tt15261662
Blacked Raw (серия фильмов),2017,США,см. раздел,порнофильм,tt8085744
Black to the USSR,2022,"ЮАР,, Мозамбик,, Россия",Нет данных,документальный,N/A
Black & White (серия фильмов),2014,США,см. раздел,порнофильм,N/A
Ben Bernie and All the Lads,1923,США,Ли де Форест,Нет данных,tt0482166
BEEF: Русский хип-хоп,2019,Россия,Рома Жиган,документальный,tt10398182
BBC Планеты,1999,Великобритания,Дэвид МакНаб,Документальный фильм,tt0283775
Batman XXX: A Porn Parody,2010,США,Аксель Браун,"порнофильм, пародия",tt1653823
BatfXXX: Dark Night Parody,2010,США,Николас Стил,"порнофильм, порнопародия",tt1776814
Bat Pussy,1973,США,неизвестно,порнопародия,tt0275956
Band and Battalion of the U.S. Indian School,1901,США,неизвестно,документальный фильм,tt0348537
Ballerina Overdrive,Нет данных,США,Вики Джуисон,фильм-триллер,tt26678938
"Back to Life (фильм, 1913)",1913,США,Аллан Дуон,драматический фильм,tt0002654
AVH: Чужой против Охотника,2007,США,Скотт Харпер,"Фантастика, Боевик, Фильм ужасов",tt1094162
Ass Eaters Unanimous,2003,Нет данных,Том Байрон,"анилингусное, порно, гонзо",tt1268179
Arundhati,1967,Индия,Прафулла Сенгупта,"драма, музыкальный фильм",tt0317104
Arrivederci (фильм),2008,Молдова,Валериу Жереги,драма,tt14403792
Arrival of Tongkin Train,1901,США,неизвестно,документальный фильм,tt0361314
Aristocracy,1914,США,Томас Н. Хеффрон,драматический фильм,tt0003631
Arakawa Under the Bridge (фильм),2012,Япония,Иизука Кэн,"Научная фантастика, Комедия, Пародия, Абсурд",tt1880923
Apex (фильм),2026,"США, Великобритания, Исландия",Бальтасар Кормакур,"боевик, триллер",tt16431404
Aparoopa,1982,Индия,Джахну Баруа,мелодрама,tt0083570
Anubandham,1985,Индия,И. В. Саси,драма,tt0246432
Antastulu,1965,Индия,В. Мадхусудхан Рао,драма,tt0259188
Anna Obsessed,1977,США,Нет данных,"порнофильм, драма",tt0075685
Anna Asti. Путь Феникса,2023,Россия,Нет данных,"документальный, биография",tt30589627
Angry Video Game Nerd: The Movie,2014,США,"Кевин Финн,, Джеймс Рольф","комедия, научная фантастика",tt2123146
Angry German Kid,2005,Нет данных,Нет данных,Нет данных,tt11278222
Angry Birds в кино,Нет данных,США,"Клей Кейтис,, Фергал Рейли","комедия, приключения, семейный фильм, боевик, Музыка к фильму, Поп, рок, кантри, хип-хоп, электронная музыка",tt1985949
Anal Beauty,2015,США,"Грег Лански, (1—11), Дерек Дозер,, Лоран Скай, (12, 18), Лоран Скай (13), Джулия Гранди, Кайден Кросс,, Лоран Скай (14), Джулия Гранди, Лоран Скай (15), Дерек Дозер, Джулия Гранди, Кей Джи Би, Лоран Скай (16), Джулия Гранди, Илья Дромбелд, Лоран Скай (17)",порнофильм,N/A
An American Citizen,1914,США,Джеймс Сирл Доули,комедия,tt0003618
An Affair of Honor,1901,США,неизвестно,драматический фильм,tt0231096
"Amazonas, o maior rio do mundo",1922,Бразилия,Сильвино Сантос,Документальный фильм,tt29475079
Amateur POV Auditions,2013,США,Рэй Дарк,"порнофильм, гонзо",N/A
Amarte duele,2002,Мексика,Фернандо Сариняна,драма,tt0318292
Aloha from Hawaii,1973,США,"Марти Пазетта, Гэри Хоуви",телеконцерт,tt0167923
All You Need Is Cash,1978,"Великобритания, США","Эрик Айдл, Гари Уайс",Псевдодокументальный фильм,tt0077147
All Too Well: The Short Film,2021,США,Тейлор Свифт,драма,tt9603082
All Natural Glamour Solos,2011,США,Дэн О'Коннэлл,порнофильм,tt2374761
"All inclusive, или Всё включено",2011,Россия,Эдуард Радзюкевич,"криминал, комедия",tt1846473
All Alone,2006,США,Майк Кузар,порнофильм,tt0962512
All About Lily Chou-Chou,2001,Япония,Сюндзи Иваи,"драма, история взросления",tt0297721
Alice in Chains: AIC 23,2013,США,Питер Дарли Миллер,"псевдодокументальный фильм, комедия, музыка",tt7153320
Alegria,1994,Канада,Франко Драгоне,"современный цирк, contemporary circus",tt13114422
Aladdin's Other Lamp,1917,США,Джон Х. Коллинз,"фэнтези, комедия, семейный",tt0007619
Air: Большой прыжок,2023,США,Бен Аффлек,"Драма, Спорт",tt16419074
Aina (фильм),1977,Пакистан,Назр-ул-Ислам,"драма, мелодрама",tt0425735
Addams Family XXX Parody,2011,США,Родни Мур,"порнопародия, комедия",tt2516242
Abraham Lincoln’s Clemency,1910,США,Теодор Уортон,немое кино,tt0001101
ABBA: Фильм,1977,"Австралия, Швеция",Лассе Халльстрём,"музыка, комедия, документальный, драма",tt0075617
A Wreath in Time,1909,США,Дэвид Уорк Гриффит,комедия,tt0001099
A Worm in the Heart,2020,Нет данных,Пол Райс,документальный,tt11657442
A Rural Elopement,1909,США,Дэвид Уорк Гриффит,драматический фильм,tt0001025
A Reality Tour (фильм),2004,Великобритания,Нет данных,музыкальный фильм,tt0432815
Ящик смерти,1993,США,Джордж Хикенлупер,"триллер, ужасы",tt0107319
Ящик Ковака,2006,"Великобритания, Испания",Даниэль Монсон,научно-фантастический фильм,tt0455584
Ящик Пандоры (фильм),1929,Германия,Георг Вильгельм Пабст,драма,tt0018737
"Ящерицы (фильм, 1963)",1963,Италия,Лина Вертмюллер,драма,tt0056856
Ящерица под женской кожей,1971,"Италия, Франция, Испания",Лучо Фульчи,"фильм ужасов, триллер",tt0067361
Яша Топорков (фильм),1960,СССР,Евгений Карелов,мелодрама,tt4977072
Яхта. Самолёт. Девушка. Запретная любовь за ваш счёт,2019,Нет данных,Нет данных,"документальный фильм, журналистское расследование",N/A
Яхты в море,1956,СССР,Михаил Егоров,"Шпионский, детектив, приключения",tt0447220
Ятринская ведьма,1991,СССР,Борис Шадурский,"фильм ужасов, драма, исторический фильм, мистика",tt0334744
Ясь и Янина,1974,СССР,Юрий Цветков,"музыкальная, комедия",tt0440944
Ястребы (фильм),1988,Великобритания,Роберт Миллер,"драма, комедия",tt0097487
Ястребиное гнездо (фильм),1916,Российская империя,"Сабинский, Чеслав Генрихович",драма,tt0944169
Ястреб (фильм),1933,Франция,"Л’Эрбье, Марсель",драма,tt0146366
Ясон и аргонавты,1963,"Великобритания, США",Дон Чеффи,пеплум,tt0057197
"Ясновидящий (фильм, 1982)",1982,США,Арманд Мастроянни,"детектив, фильм ужасов",tt0087555
Ясмин (фильм),1950,Египет,Анвар Вагди,Киномюзикл,tt0312049
Ярость пустыни,1947,США,Льюис Аллен,"Фильм нуар, Мелодрама",tt0039311
Ярость зверя,1988,"Италия, США",Витторио Рамбальди,"фильм ужасов, триллер, фантастика",tt0102709
Ярость дракона,1994,США,Дэвид Хевенер,"фантастика, фэнтези",tt165251
Ярость гризли,2007,Канада,Дэвид Де Кото,фильм ужасов,tt0896816
Ярость в небесах,1941,США,"В. С. Ван Дайк, Роберт Б. Синклер, Ричард Торп","Фильм нуар, Психологический триллер",tt0034078
Ярость в Гарлеме,1991,США,Билл Дьюк,гангстерский фильм,tt0102749
Ярость ангелов 2,1986,США,Пол Уэндкос,мелодрама,tt0091820
Ярость ангелов,1983,США,Базз Кулик,"приключенческий фильм, драма, мелодрама, боевик",tt0086168
"Ярость (фильм, 2014)",2014,США,Дэвид Эйер,"военный фильм, приключения, боевик",tt2713180
"Ярость (фильм, 2009)",2009,"Канада, Германия",Уве Болл,боевик,tt1337057
"Ярость (фильм, 2007)",2007,США,Роберт Куртцман,"фильм ужасов, фильм о зомби",tt0497432
"Ярость (фильм, 1997)",1997,США,Сидни Фьюри,"боевик, триллер",tt0117433
"Ярость (фильм, 1978)",1978,США,Брайан Де Пальма,"триллер, фильм ужасов",tt0077588
"Ярость (фильм, 1966)",1966,СССР,Николай Ильинский,исторический фильм,tt0184049
"Ярость (фильм, 1963)",1963,Италия,"Пьер Паоло Пазолини, Джованни Гуарески","документальный фильм, драма",tt0057442
"Ярость (фильм, 1936)",1936,США,Фриц Ланг,драма,tt0027652
Ярость (предстоящий фильм),Нет данных,"Великобритания, Германия, США",Пол Гринграсс,историческая драма,tt36983905
Яростные киборги,1994,"США, Россия",Грейдон Кларк,"боевик, научная фантастика",tt0109545
"Яростное солнце, яростное небо",2009,Мексика,Хулиан Эрнандес,"драма, фэнтези",tt1149604
"Ярославна, королева Франции",1978,"СССР, Польша",Игорь Масленников,исторический,tt0078514
Ярослав Домбровский (фильм),1975,"СССР, Польша",Богдан Поремба,"исторический фильм, фильм-биография, драма",tt0074712
"Ярмарка тщеславия (фильм, 2004)",2004,США,Мира Наир,"драма, мелодрама",tt0241025
"Ярмарка штата (фильм, 1933)",1933,США,Генри Кинг,комедийная драма,tt0024610
Яркость (фильм),2017,США,Дэвид Эйер,"фантастика, боевик, фэнтези, триллер",tt5519340
"Яркие огни, большой город",1988,США,Джеймс Бриджес,драма,tt0094799
Яркий свет,1987,"Мали, Франция, ФРГ",Сулейман Сиссе,"фэнтези, драма",tt0094349
Яркая звезда,2009,"Великобритания, Австралия, Франция",Джейн Кэмпион,"драма, мелодрама",tt0810784
Ярик,2007,Россия,"Сесиль Анри, Александр Ласло","драма, семейный фильм",tt1993446
Яремчук: Несравненный мир красоты,Нет данных,Украина,Артём Григорян,документальный фильм,tt31913861
Ярды (фильм),2000,США,Джеймс Грэй,"триллер, драма",tt0138946
Ярго,2004,"Германия, Исландия",Мария Солрун,"криминал, драма",tt0432906
"Яраса (фильм, 1995)",1995,Азербайджан,Аяз Салаев,драма,tt0111789
Яптик-Хэсе (фильм),2006,Россия,Э. Бартенев,документальный фильм,N/A
Японский городовой (фильм),1994,США,Джефри Леви,"Арт-хаус, социальная, драма, трагикомедия",tt0111048
Японские девушки в порту,1933,Япония,Хироси Симидзу,мелодрама,tt0160535
Японская трагедия,1953,Япония,Кэйсукэ Киносита,фильм-драма,tt0046127
«Япон» и японец,1990,СССР,Сергей Ратников,трагикомедия,N/A
Янтарные крылья,2003,Россия,Андрей Разенков,"Драма, Мелодрама",tt0383056
"Яношик (фильм, 1921)",1921,"Чехословакия, США",Ярослав Сякель,"драма, исторический фильм, биографический фильм",tt0461974
Янковский (фильм),2014,Россия,Аркадий Коган,документальный,N/A
Янко-музыкант (фильм),1930,Польша,Рышард Ордынский,драма,tt0021009
Янки Дудл Денди,1942,США,Майкл Кёртис,"мюзикл, драма, фильм-биография",tt0035575
Янки (фильм),1979,"США, Великобритания",Джон Шлезингер,мелодрама,tt0080157
Янгер и Янгер,1993,"Германия, США",Перси Адлон,"комедия, драма, фэнтези, музыкальный фильм, мелодрама",tt0108636
Январь — март,2017,"Украина, Австрия",Юрий Речинский,драма,tt5584852
Январский человек,1989,США,Пэт О’Коннор,триллер,tt0097613
Яна+Янко,2017,Россия,Наталья Меркулова,"комедия, семейный фильм",tt7097586
Ян Хаммер: Сверхвоображение,1992,США,Нет данных,музыкальный фильм,tt0167046
Ян на барже,1986,ГДР,Гельмут Дзюба,"детский, драма",tt0091283
Ян Жижка (фильм),1955,Чехословакия,Отакар Вавра,"историческая, драма,, биографический,, военный фильм",tt0048223
Ян Гус (фильм),1954,Чехословакия,Отакар Вавра,"историческая, драма, биографический",tt0047128
"Ян Гус (фильм, 2015)",2015,Чехия,Иржи Свобода,"исторический фильм, драма",tt3804834
Ян Го и Маленькая Девушка-дракон,1983,Гонконг,Хуа Шань,"боевик, фэнтези",tt0084256
"Ямщик, не гони лошадей (фильм)",1916,Российская империя,Евгений Бауэр,"драма, (новелла)",N/A
Ямато (фильм),2005,Япония,Дзюнъя Сато,драма,tt0451845
Ямакаси: Новые самураи,2001,Франция,Ариель Зейтун,"драма, боевик, криминальный фильм, Хип-хоп",tt0267129
Ямакаси 2. Дети ветра,2004,"Великобритания, Франция, Испания",Жюльен Сери,"Боевик, триллер, драма, приключения",tt0345235
Ямада: Самурай Айотайи,2010,Таиланд,Ноппорн Ватин,"боевик, драма",tt1905010
"Яма (фильм, 2001)",2001,Великобритания,Ник Хэмм,"триллер, драма, фильм ужасов",tt0242527
"Яма (фильм, 1990)",1990,"СССР, Швеция",Светлана Ильинская,драма,tt0100977
"Яма (фильм, 1915)",1915,Российская империя,Михаил Мартов,драма,N/A
Якудза (фильм),1974,"США, Япония",Сидни Поллак,"гангстерский фильм, боевик, приключения",tt0073918
"Яков, сын Сталина",1990,СССР,Деви Абашидзе,"драма, военный фильм",tt0279439
"Яков лжец (фильм, 1999)",1999,"Франция, США, Венгрия, Польша",Петер Кассовиц,"комедия, драма, военный фильм",tt0120716
Яков Свердлов (фильм),1940,СССР,Сергей Юткевич,биографический фильм,tt0033277
"Якоб-лжец (фильм, 1974)",1974,"ГДР, Чехословакия, ФРГ",Франк Байер,"драма, военный фильм",tt0071688
Яйцо Фаберже (фильм),2022,Россия,Илья Фарфель,комедия,tt16407022
Яйцо (фильм),2007,"Турция, Греция",Семих Капланоглу,мелодрама,tt1021004
Яйцеголовые,1993,США,Стив Бэррон,комедия,tt0106598
Яйца (фильм),1995,Норвегия,Бент Хамер,комедийная драма,tt0112934
Язычники (фильм),2018,Россия,Валерия Суркова,драма,tt7626214
Языческая мадонна,1980,ВНР,Дьюла Месарош,детектив,tt0081349
Языки (фильм),2021,"Германия, Франция, Чад, Бельгия",Махамат Салех Харун,драма,tt13846546
"Язык тела (фильм, 1995)",1995,США,Джордж Кэйс,"детектив, триллер",tt0112549
"Язык тела (фильм, 1992)",1992,США,Артур Аллан Сайделман,триллер,tt0103852
Язык молчания,1994,"Франция, Нидерланды, Великобритания, США",Сэм Шепард,"драма, фильм ужасов, вестерн",tt0108135
Язык нежности,1983,США,Джеймс Л. Брукс,"мелодрама, комедия",tt0086425
Язык животных (фильм),1967,СССР,Феликс Соболев,научно-популярный фильм,N/A
"Яды, или Всемирная история отравлений",2001,Россия,Карен Шахназаров,комедия,tt0261435
Ядовитый плющ: Тайное общество,2008,США,Джейсон Хрено,эротический триллер,tt1131749
Ядовитый плющ: Новое совращение,1997,США,Курт Восс,"триллер, драма",tt0119908
Ядовитый плющ 2: Лили,1996,США,Энн Гурсо,эротический триллер,tt0114151
"Ядовитый плющ (фильм, 1992)",1992,США,Кэтт Ши,эротический триллер,tt0105156
"Ядовитый плющ (фильм, 1985)",1985,США,Лэрри Илайкэнн,комедия,tt0089820
Ядовитые растения (фильм),1985,Польша,Роберт Глински,драма,tt0089936
Ядовитая роза,2019,"США, Италия","Франческо Синкуемани, Джордж Галло, Лука Гилиберто",криминальный триллер,tt5862166
Ядзя,1936,Польша,Мечислав Кравич,комедия,tt0027813
Ядерный рассвет,Нет данных,США,Джек Шолдер,"боевик, триллер, драма",tt0099197
Яд другого человека,1951,"Великобритания, США",Ирвинг Рэппер,"Криминальная, мелодрама",tt0044364
"Яд (фильм, 1991)",1991,США,Тодд Хейнс,драма,tt0102687
Ягуар жив!,1979,США,Эрнест Пинтофф,"боевик, приключенческий фильм",tt0079362
"Ягуар (фильм, 1996)",1996,Франция,Франсис Вебер,приключенческий фильм,tt0116676
Ягодка любви,1926,СССР,Александр Довженко,комедия,tt0017007
"Ягуар (фильм, 1986)",1986,СССР,Себастьян Аларкон,драма,tt0092256
Ягода-морошка,1991,Германия,Перси Адлон,"ЛГБТ-фильм, драма",tt0102829
"Ягнёнок (фильм, 2014)",2014,"Германия, Турция",Кутлуг Атаман,драма,tt2683694
"Ягнёнок (фильм, 1915)",1915,США,Кристи Кэбэнн,"комедия, приключения",tt0005600
Яга. Кошмар тёмного леса,2020,Россия,Святослав Подгаевский,"фильм ужасов, фэнтези",tt8006374
Яга на нашу голову,2025,Россия,Александр Войтинский,"фэнтези, комедия",tt36091696
Явление природы,2010,Россия,"Александр Лунгин, Сергей Осипьян",драма,tt1956707
"Явление (фильм, 2012)",2012,США,Тодд Линкольн,"триллер, фильм ужасов",tt1433822
"Явление (фильм, 2008)",2008,"США, Индия",М. Найт Шьямалан,"фантастический, триллер",tt0949731
Явка на Сальваторе,1967,Польша,Павел Коморовский,"военный фильм, психологическая драма",tt0062302
Яблоня (короткометражный фильм),2021,Россия,Ольга Ажнакина,драма,N/A
Яблоко раздора (фильм),1962,СССР,"Валентин Плучек, Екатерина Сташевская",Кинокомедия,tt0056706
Яблоко Луны,2009,Беларусь,Алексей Турович,мелодрама,tt3143864
Яблоко как яблоко,1975,СССР,Ариф Бабаев,"комедия, сказка",tt4270810
Яблоко в реке,1974,СССР,Айварс Фрейманис,драма,tt2395129
Яблоки сорок первого года,1969,СССР,Равиль Батыров,"повесть военных лет, военный фильм, драма",tt0170069
Яблоки (фильм),2020,Греция,Христос Нику,"комедия, драма",tt10110614
"Я, Эрл и умирающая девушка",2015,США,Альфонсо Гомес-Рехон,трагикомедия,tt2582496
"Я, Франциск Скорина…",1969,СССР,Борис Степанов,"драма, исторический фильм, фильм-биография",tt5091302
"Я, Франкенштейн",2014,"США, Австралия",Стюарт Битти,"Фильм о монстрах, городское фэнтези, научное фэнтези, боевик",tt1418377
"Я, ты, он, она (фильм, 2018)",2018,Украина,"Владимир Зеленский, Дэвид Додсон","комедия, мелодрама",tt9037222
"Я, ты, он, она (фильм, 1974)",1976,"Франция, Бельгия",Шанталь Акерман,драма,tt0071690
"Я, сын трудового народа (фильм)",1983,СССР,Владимир Стрелков,"драма, экранизация",tt5613992
"Я, снова я и Ирэн",2000,США,"Питер Фаррелли, Бобби Фаррелли",комедия,tt0183505
"Я, следователь (фильм)",1971,СССР,Георгий Калатозишвили,"детективный, фильм",tt0275509
"Я, робот (фильм)",2004,США,Алекс Пройас,"фантастика, детектив, неонуар, боевик, киберпанк",tt0343818
"Я, Победа и Берлин",2024,Украина,Ольга Ряшина,"кинокомедия, дорожное кино",tt13585362
"Я, Ольга Гепнарова",2016,"Польша, Чехия","Петр Казда, Томаш Вайнреб",биографическая драма,tt2953762
"Я, Натали",1969,США,Фред Коу,"комедийная драма, фильм о взрослении, драма",tt0064651
"Я, мужчина",1967,США,"Энди Уорхол, Пол Моррисси","драма, авангардизм, эротика",tt0220569
"Я, Кьяра и Хмурый",1982,Италия,Маурицио Понци,"комедийная драма, комедия",tt0084151
"Я, Клавдий (фильм, 1937)",1937,Великобритания,Джозеф фон Штернберг,драма,tt0028723
"Я, Дэниел Блейк",2016,"Великобритания, Франция, Бельгия",Кен Лоуч,драма,tt5168192
"Я, Джейн Доу",1948,США,Джон Х. Ауэр,"Мелодрама, Фильм нуар",tt0040463
"Я, бабушка, Илико и Илларион (фильм)",1963,СССР,Тенгиз Абуладзе,"романтическая комедия, комедия",tt0057695
"Я, Алекс Кросс",2012,США,Роб Коэн,"криминал, детектив, триллер",tt1712170
Я шагаю по Москве,1964,СССР,Георгий Данелия,"лирическая, комедия",tt0057694
Я целую… ты целуешь,1961,Италия,Пьеро Виварелли,"комедия, мюзикл",tt0164060
Я хочу! Я буду!,2023,Россия,Павел Воронин,"мелодрама, комедия",tt26626403
Я худею,2018,Россия,Алексей Нужный,спортивная комедия,tt7863198
Я хочу твоей любви,2012,США,Трэвис Мэтьюз,драма,tt1995329
Я хочу с тобой секса,2026,США,Грегг Араки,эротический триллер,tt32332915
Я хочу жить!,1958,США,Роберт Уайз,"Биография, драма, Криминал",tt0051758
Я хочу держать тебя за руку,1978,США,Роберт Земекис,"комедия, мюзикл",tt0077714
Я хочу вас видеть,1978,"ГДР, СССР",Янош Вейчи,"военный, биография",tt0077718
Я хотела увидеть ангелов,1992,"Россия, США",Сергей Бодров,Криминальная драма,tt0105865
Я ухожу — не плачь,2011,США,Шана Фест,"музыкальная, драма",tt1555064
Я устал от тебя,2011,США,Марк Пеллингтон,"драма, триллер",tt1691920
Я умирал тысячу раз,1955,США,Стюарт Хейслер,Фильм нуар,tt0048190
"Я умер, но у меня друзья",2015,"Франция, Бельгия","Гийом Маладрен, Стефан Маландрен",Кинокомедия,tt4075488
"Я убил Эйнштейна, господа",1970,Чехословакия,Олдржих Липский,"научно-фантастический фильм, юмористическая научная фантастика, комедия",tt0065235
Я убил свою маму,2009,Канада,Ксавье Долан,драма,tt1424797
Я убил Распутина,1967,"Франция, Италия",Робер Оссейн,"драма, биографический фильм, мелодрама",tt0061829
"Я убил жену-лесбиянку, повесил её на мясной крюк, и теперь у меня контракт с Диснеем на три фильма",1993,США,Бен Аффлек,"комедия, ЛГБТ-фильм",tt0166222
"Я только хочу, чтобы вы меня любили",1976,ФРГ,Райнер Вернер Фасбиндер,драма,tt0074664
Я тоже хочу,2012,Россия,Алексей Балабанов,"фантастический реализм, роуд-муви, притча",tt2456536
Я тоже тебя люблю,2010,Австралия,Дайна Рид,романтическая комедия,tt1376709
Я тебя съем,2009,Франция,Софи Лалуа,драма,tt0783530
"Я тебя никогда не забуду (фильм, 1983)",1983,СССР,Павел Кадочников,"мелодрама, кинороман",tt0086614
Я тебя ненавижу,1986,СССР,Сергей Бодров,Драма,tt0092255
Я тебя люблю… Я тебя тоже нет,1976,Франция,Серж Генсбур,"драма, мелодрама, эротика",tt0073196
"Я тебя люблю (фильм, 2010)",2010,Россия,"Павел Костомаров, Александр Расторгуев","неигровое кино, драма",tt1927184
"Я тебя люблю (фильм, 1985)",1985,МНР,Б. Балжинням,мелодрама,N/A
Я так давно тебя люблю,2008,"Франция, Германия",Филипп Клодель,драма,tt1068649
Я сюда больше никогда не вернусь,1990,СССР,Ролан Быков,трагедия,tt3238466
Я сражаюсь с великанами,2018,"Бельгия, Великобритания, США, Китай",Андерс Вальтер Хансен,"фэнтези, триллер, драма",tt4547194
Я стреляла в Энди Уорхола,1996,"США, Великобритания",Мэри Хэррон,"драма, биография",tt0116594
"Я солдат, мама",1966,СССР,Манос Захариас,"киноповесть, драма",tt4000992
Я создан для тебя,2021,Германия,Мария Шрадер,романтическая комедия,tt13087796
Я согласен на всё,1994,США,Джеймс Л. Брукс,"Комедия, драма",tt0110097
Я соблазнила Энди Уорхола,2006,США,Джордж Хикенлупер,"биографический фильм, драма",tt0432402
Я снял кино о моей любви,2009,"Германия, Израиль",Томер Хейманн,драма,tt1620790
Я снова вспоминаю о тебе,1993,Индия,Махеш Бхатт,драма,tt0156891
Я слышала пение русалок,1987,Канада,Патрисия Розема,мелодрама,tt0093239
Я скажу правду,1957,СССР,Леван Хотивари,"драма, детектив",tt0265312
Я служу на границе,1973,СССР,Наум Бирман,"приключения, мелодрама",tt0070934
"Я свободен, я ничей",1994,Россия,Валерий Пендраковский,"драма, комедия",tt0128850
Я рядом с тобой!,2004,Индия,Фара Хан,"боевик, комедия, мелодрама",tt0347473
Я родом из детства,1966,СССР,Виктор Туров,Киноповесть,tt0906110
"Я робкий, но я лечусь",1978,Франция,Пьер Ришар,комедия,tt0077768
Я пью твою кровь,1970,США,Дэвид Е. Дёрстон,"фильм ужасов, слэшер",tt0067229
Я просто люблю тебя,2006,Япония,Такэхико Синдзё,драма,tt0872022
Я проснулся рано в день моей смерти,1998,США,Арис Илиопулос,"комедия, триллер",tt0125211
Я пришёл дать вам волю (сценарий),1974,СССР,Василий Шукшин,"историческая драма, исторический роман",N/A
Я прихожу с дождём,2009,"Франция, Гонконг, Ирландия, Испания, Великобритания",Чан Ань Хунг,триллер,tt1024744
Я придумываю песню,1979,СССР,Тофик Исмайлов,"музыкальный фильм, драма",tt2912992
"Я помню тебя, учитель",1969,СССР,Гасан Сеидбейли,"комедия, драма, военный фильм",tt4263882
Я полюбил,1989,Индия,Сурадж Барджатия,"подростковый фильм, романтический фильм",tt0100095
Я покорю Манхэттен (мини-сериал),Нет данных,США,"Дуглас Хикокс, Ричард Майклс",мелодрама,tt0092378
"Я подожду, пока ты убьёшь",1973,Чехословакия,Станислав Черны,военная драма,tt0388345
Я плюю на ваши могилы: Дежавю,2019,США,Мейр Зарки,"триллер, фильм ужасов",tt4058836
Я плюю на ваши могилы 3,2015,США,Р. Д. Браунштейн,"триллер, фильм ужасов",tt4530884
Я плюю на ваши могилы 2,2013,США,Стивен Р. Монро,"триллер, ужасы",tt2537176
Я плюю на ваши могилы,2010,США,Стивен Р. Монро,"триллер, фильм ужасов",tt1242432
Я очень возбуждён,2013,Испания,Педро Альмодовар,комедия,tt2243389
Я остаюсь!,2003,Франция,Диана Кюрис,Романтическая комедия,tt0348841
Я остаюсь,2007,Россия,Карен Оганесян,"комедия, драма, фэнтези, мистика",tt1046198
Я объявляю войну,2011,Франция,Валери Донзелли,"драма, комедия",tt1931470
Я объявляю вам войну,1990,СССР,Ярополк Лапшин,"боевик, криминал",tt1927183
Я обслуживал английского короля (фильм),2006,Чехия,Иржи Менцель,"комедия, драма, мелодрама",tt0284363
"Я обвиняю (фильм, 1941)",1941,Нацистская Германия,Вольфганг Либенайнер,"пропагандистский фильм, драма",tt0033750
"Я обвиняю (фильм, 1919)",1920,Франция,Абель Ганс,авангард,tt0010307
"Я ничего не знаю, но всё скажу",1973,Франция,Пьер Ришар,комедия,tt0145005
Я никогда не пел отцу,1970,США,Гилберт Кэйтс,драма,tt0065872
Я никогда не буду твоей,2007,США,Эми Хекерлинг,"мелодрама, комедия",tt0466839
Я ненавижу истории любви,2010,Индия,Пунит Мальхотра,"романтическая комедия, драма",tt1667838
Я ненавижу День святого Валентина,2009,США,Ниа Вардалос,романтическая комедия,tt0762105
Я не целуюсь,1991,"Франция, Италия",Андре Тешине,Драма,tt0102136
Я не хочу об этом говорить,1993,"Аргентина, Италия",Мария Луиза Бемберг,мелодрама,tt0106678
Я не террорист,2021,Узбекистан,Мухаммад Али Искандаров,драма,tt17318026
Я не хочу идти в одиночку,2010,Бразилия,Даниэл Рибейру,драма,tt1687221
Я не сплю,2020,Россия,Павел Хвалеев,"фильм ужасов, боди-хоррор",tt10066432
Я не сволочь,2015,Франция,Эмманюэль Финкель,драма,tt4084060
Я не могу думать гетеросексуально,2007,Великобритания,Шамим Сариф,"драма, мелодрама",tt0830570
Я не киллер,2023,США,Ричард Линклейтер,"комедийный боевик, фильм-триллер, чёрная комедия, чёрный юмор",tt20215968
"Я не знаю, как она делает это",2011,США,Дуглас Макграт,комедия,tt1742650
Я не говорю по-английски,1995,Италия,Карло Вандзина,Комедия,tt0113436
Я не вернусь (фильм),2014,"Россия, Казахстан",Ильмар Рааг,драматический фильм,tt2637844
Я не ведьма,2017,"Великобритания, Франция, Германия",Рунгано Ниони,драма,tt6213284
Я не боюсь (фильм),2003,Италия,Габриэле Сальваторес,"драма, триллер",tt0326977
"Я не актёра зрю, а бытия черты",2023,Россия,Игорь Чёрный,документальный фильм-эссе,N/A
Я нанял убийцу,1990,"Финляндия, Великобритания, Германия, Швеция, Франция",Аки Каурисмяки,"драма, комедия",tt0099818
Я на перемотке!,2022,Россия,Никита Владимиров,"комедия, фантастика",tt23720486
Я могу заставить тебя полюбить меня,Нет данных,США,Майкл Свитцер,"триллер, драма, ужасы",tt0107178
Я могу достать это вам по оптовой цене,1951,США,Майкл Гордон,Мелодрама,tt0043663
Я люблю трудности,1948,США,С. Силвэн Саймон,Фильм нуар,tt0040457
Я люблю только тебя,1949,Франция,Пьер Монтазаль,комедия,tt0041520
"Я люблю тебя, Филлип Моррис",2009,"Франция, США","Джон Рекуа, Гленн Фикарра","фильм-биография, комедия, драма, мелодрама",tt1045772
"Я люблю тебя, Роза",1972,Израиль,Моше Мизрахи,историческая драма,tt0068213
"Я люблю тебя, мамочка!",2010,Индия,Сидхарт Мальхотра,"драма, семейный фильм",tt1428459
Я люблю тебя до смерти,1990,США,Лоуренс Кэздан,комедия,tt0099819
"Я люблю тебя (фильм, 2004)",2004,Россия,"Ольга Столповская, Дмитрий Троицкий","мелодрама, комедия",tt0402595
"Я люблю тебя (фильм, 1986)",1986,"Франция, Италия",Марко Феррери,драма,tt0091244
Я люблю Новый год,2013,Индия,"Радхика Рао, Винай Сапру",мелодрама,tt2708644
Я люблю неприятности,1994,США,Чарльз Шайер,романтическая комедия,tt0110093
Я люблю мужчину в униформе,1993,Канада,Дэвид Веллингтон,драма,tt0107179
Я люблю вампира (фильм),1986,Польша,Гжегож Вархол,"драма, фильм ужасов",tt0091444
"Я люблю (фильм, 1936)",Нет данных,СССР,Леонид Луков,драма,tt0173470
Я любил вас больше жизни,1986,СССР,Расим Исмайлов,драма,tt0266069
Я купил папу,1962,СССР,Илья Фрэз,Семейный,tt0170819
Я купил мотоцикл-вампир,1990,Великобритания,Дирк Кэмпбелл,Фильм ужасов,tt0097550
Я исповедуюсь,1953,США,Альфред Хичкок,"триллер, детектив",tt0045897
Я из Миссури,1939,США,Теодор Рид,кинокомедия,tt0031469
Я иду искать 2,2026,США,"Мэттью Беттинелли-Олпин, Тайлер Джиллетт","фильм ужасов, чёрная комедия",tt33978029
Я иду искать,2019,США,"Мэттью Беттинелли-Олпин, Тайлер Джиллетт","фильм ужасов, чёрная комедия",tt7798634
Я иду играть,2021,Россия,Анна Зайцева,психологический триллер,tt15483510
"Я и ты и все, кого мы знаем",2005,США,Миранда Джулай,"драма, комедия, романтический фильм",tt0415978
"Я и ты (фильм, 2017)",2017,Франция,Мартен Прово,драма,tt5348236
"Я и ты (фильм, 2012)",2012,Италия,Бернардо Бертолуччи,драма,tt1801061
Я и ребёнок,1993,США,Дэн Кёртис,комедия,tt0081145
Я и Орсон Уэллс,2008,"Великобритания, США",Ричард Линклейтер,драма,tt1175506
Я и моя совесть (фильм),1915,Российская империя,Яков Протазанов,"психологическая, драма",N/A
Я и моя сестра,1987,Италия,Карло Вердоне,мелодрама,tt0093274
Я и Моника Велюр,2010,США,Кит Берден,"драма, комедия",tt1291549
Я и мечеть,2005,Канада,Zarqa Nawaz,Нет данных,tt0960800
Я и мафия,1994,США,Фрэнк Рейнон,комедия,tt0105815
"Я и лошадь, я и бык, я и баба, и мужик",Нет данных,Великобритания,Салли Поттер,документальный фильм,tt0278494
Я и Катерина,1980,"Италия, Франция",Альберто Сорди,комедия,tt0082567
Я и другие,1971,СССР,Феликс Соболев,научно-популярный фильм,tt4023290
"Я знаю, что ты знаешь, что я знаю",1982,Италия,Альберто Сорди,"драма, комедия",tt0084150
"Я знаю, что вы снимали этим летом",2000,США,Майлз Фельдман,слэшер,tt0243650
"Я знаю, что вы сделали прошлым летом (фильм, 2025)",2025,США,Дженнифер Кейтин Робинсон,слэшер,tt4045450
"Я знаю, что вы сделали прошлым летом",1997,США,Джим Гиллеспи,"слэшер, триллер",tt0119345
"Я знаю, куда я иду!",1945,Великобритания,"Майкл Пауэлл, Эмерик Прессбургер","мелодрама, комедия",tt0037800
"Я знаю, кто убил меня",2007,США,Крис Сивертсон,"криминальный фильм, триллер",tt0897361
Я значит Ястреб,2025,"Великобритания, США",Филиппа Лоуторп,"биография, драма",tt10329560
"Я здесь (фильм, 2016)",2016,Латвия,Ренарс Вимба,драма,tt4356104
"Я здесь (фильм, 2010)",2010,США,Спайк Джонз,"драма, фантастика",tt1571404
Я защищал «Молодую Боснию»,2014,Сербия,Срджан Колевич,"судебная драма, исторический фильм",tt3018374
Я закопаю тебя,2014,"Франция, Бельгия",Сильвестр Сбилье,комедия,tt2805168
Я за тебя отвечаю,1984,СССР,Борис Яшин,мелодрама,tt0264189
Я живу своей жизнью,1935,США,В. С. Ван Дайк,комедийная драма,tt0026417
Я живу в страхе,1955,Япония,Акира Куросава,драма,tt0048198
Я женился на убийце с топором,1993,США,Томас Шламме,комедия,tt0108174
Я женился на тебе ради забавы,1967,Италия,Лучано Сальче,комедия,tt0062367
Я женился на ведьме,1942,США,Рене Клер,мистическая комедия,tt0034881
Я жду,1957,Япония,Корэёси Курахара,"Криминальная, драма, нуар",tt1248984
Я ждала тебя,Нет данных,США,Кристофер Лейтч,триллер,tt0143296
Я ещё вернусь (фильм),1980,СССР,Кямиль Рустамбеков,"мелодрама, драма",tt1660561
"Я есть, потому что мы есть",2008,"США, Великобритания",Натан Риссман,документальный,tt1138006
Я ей нравлюсь,1985,СССР,Анвар Тураев,мелодрама,tt0266070
Я её хорошо знал,1965,"Франция, Италия, ФРГ",Антонио Пиетранджелли,комедийная драма,tt0060545
Я дышу,2014,Франция,Мелани Лоран,драма,tt3365778
"Я думаю, теперь мы одни",2018,США,Рид Морано,драма,tt6169694
"Я достану тебя, ублюдок",1988,США,Кинен Айвори Уэйанс,"комедия, боевик, пародия",tt0095348
Я делаю шаг,2023,Россия,Ольга Акатьева,"мелодрама, комедия",tt27827563
Я гуляла с зомби,1943,США,Жак Турнёр,"Фантастика, Ужасы",tt0036027
Я гей и мусульманин,2012,"Нидерланды, Марокко",Крис Беллони,документальный,tt2188912
Я встретила его в Париже,1937,США,Уэсли Рагглз,"мелодрама, комедия",tt0029036
Я встретил девушку,1957,СССР,Рафаил Перельштейн,Музыкальный фильм,tt0314912
Я всегда одинок,1948,США,Байрон Хэскин,Фильм нуар,tt0039482
Я всегда буду любить тебя (фильм),2006,Филиппины,Мак Алехандре,"романтическая, комедийная драма",tt0497777
"Я всегда буду знать, что вы сделали прошлым летом",2006,США,Сильвен Уайт,"слэшер, мистика",tt0469111
Я всё равно этого не делал,2006,Япония,Масаюки Суо,драма,tt0794350
"Я всё помню, Ричард",1966,СССР,Роланд Калныньш,драма,tt1783236
"Я всё ещё знаю, что вы сделали прошлым летом",1998,"США, Мексика",Дэнни Кэннон,слэшер,tt0130018
"Я всё ещё здесь (фильм, 2024)",2024,"Бразилия, Франция",Вальтер Саллес,"драма, биографический фильм",tt14961016
"Я всё ещё здесь (фильм, 2010)",2010,США,Кейси Аффлек,псевдодокументалистика,tt1356864
Я воин,2007,США,Грифф Фёрст,Боевик,tt1075746
"Я вижу, я вижу",2014,Австрия,"Вероника Франц, Северин Фиала","Триллер, Ужасы, Драма",tt3086442
Я вижу солнце (фильм),1965,СССР,Лана Гогоберидзе,"киноповесть, экранизация",tt0171515
Я вижу незнакомца,1946,"Великобритания, США",Фрэнк Лондер,"детективный фильм, кинокомедия, нуар",tt0038289
"Я видела, что вы сделали",1965,США,Уильям Касл,"Фильм ужасов, Триллер",tt0059297
Я видел свечение телевизора,2024,США,Джейн Шёнбрун,фильм ужасов,tt15574270
Я видел дьявола,2010,Республика Корея,Ким Чжи Ун,"триллер, драма, ужас",tt1588170
Я вернусь к тебе,1974,Египет,Надир Галяль,лирическая комедия,tt2514292
"Я вернусь (фильм, 1935)",1935,СССР,Александр Ледащев,"экранизация, драма",tt21312408
"Я вас люблю (фильм, 1980)",1980,Франция,Клод Берри,"мелодрама, комедия, драма",tt0080951
Я вас любил… (фильм),1967,СССР,Илья Фрэз,"лирическая, комедия",tt0062506
Я вам покажу!,1972,ГДР,Рольф Лозански,"детский, семейный",tt0068551
Я вам пишу...,1959,СССР,Михаил Израилев,мелодрама,tt0314911
Я вам не негр,2016,"Франция, США, Бельгия, Швейцария",Рауль Пек,документальный,tt5804038
"Я в порядке, Джек!",1959,Великобритания,Джон Боултинг,комедия,tt0052911
Я в зоопарке,2005,США,Яков Лапицкий,влог,tt4238364
Я была авантюристкой,1938,Франция,Раймон Бернар,комедия,tt0142412
Я был спутником Солнца,1959,СССР,Виктор Моргенштерн,кинофантастика,tt0141294
Я был подростком-оборотнем,1957,США,Джин Фаулер,ужасы,tt0050530
Я был магазинным воришкой,1950,США,Чарльз Ламонт,Фильм нуар,tt0042588
Я был коммунистом для ФБР,1951,США,Гордон Дуглас,"Фильм нуар, Пропагандистский фильм",tt0043665
Я был им три раза,1952,Франция,Саша Гитри,комедия,tt0044766
"Я бы тебя пнула, если бы могла",2025,США,Мэри Бронштейн,комедийная драма,tt18382850
Я бы не хотел оказаться в твоей шкуре,1948,США,Уильям Най,Фильм нуар,tt0040460
Я буду твоей,1947,США,Уильям Сайтер,романтическая комедия,tt0039484
Я буду танцевать,1962,СССР,Тофик Таги-Заде,"биографический фильм, музыкальный фильм",tt0350343
"Я буду рядом (фильм, 2012)",2012,"Россия, Украина",Павел Руминов,драма,tt2473746
Я буду плакать завтра,1955,США,Дэниэл Манн,"биографический фильм, драма, музыкальный фильм",tt0048191
Я буду жить (фильм),2022,Россия,Эдуард Бордуков,мелодрама,tt22642518
Я буду ждать…,1979,СССР,Виктор Живолуб,мелодрама,tt2034172
"Я боюсь (фильм, 1977)",1977,Италия,Дамиано Дамиани,криминальная драма,tt0076206
Я боролся с Эрнестом Хемингуэем,1993,США,Рэнда Хейнс,мелодрама,tt0108596
Я больше не буду (фильм),1975,СССР,Евгений Шерстобитов,"кинокомедия, мюзикл, фантастика, фильм-сказка, детский фильм",tt5313368
Я (фильм),2009,Россия,Игорь Волошин,драма,tt1388924
Я — это любовь,2009,Италия,Лука Гуаданьино,мелодрама,tt1226236
Я — четвёртый,2011,США,Ди Джей Карузо,"боевик, триллер, фантастика",tt1464540
Я — черноморец!,1944,СССР,"Владимир Браун, Александр Мачерет","военный,, драма,, героико-приключенческий",tt2651000
"Я — царь, я — раб, я — червь, я — Бог (фильм)",1915,Российская империя,Евгений Бауэр,драма,N/A
Я — Хортица,1981,СССР,Александр Игишев,"военный фильм, драма, детский",tt0240232
Я — Учитель,2016,Россия,Сергей Мокрицкий,"драма, военный",tt6073960
Я — Тянь-Шань,1972,СССР,Ирина Поплавская,мелодрама,tt7784908
Я — твой торт на день рождения,1995,Гонконг,Ип Ваймань,"мелодрама, комедия",tt0112590
Я — Сэм,2001,США,Джесси Нельсон,драма,tt0277027
Я — русский солдат,1995,Россия,Андрей Малюков,"драма, романтический фильм, военный фильм",tt0203217
Я — препод,2018,Индия,Сидхартх Малхотра,комедийная драма,tt6588966
Я — Нэнси,2011,США,Арлин Марихал,документальный,tt1536421
Я — Неро,2016,"Франция, Германия, Мексика, США",Рафи Питтс,драма,tt2249039
Я — начало,2014,США,Майк Кэхилл,"Фантастический фильм, Драма, Мелодрама",tt2884206
Я — миллиардер,2018,Италия,Даниэле Лукетти,"комедия, драма",tt6917314
Я — медведь,2023,Россия,Кирилл Кемниц,семейный фильм,tt27526510
Я — легенда (фильм),2007,США,Фрэнсис Лоуренс,"постапокалиптический, остросюжетный боевик",tt0480249
Я — кукла,2002,Россия,Юрий Кара,"боевик, драма",tt0467505
Я — Куба,1964,"СССР, Куба",Михаил Калатозов,драма,tt0058604
"Я — киборг, но это нормально",2006,Республика Корея,Пак Чхан Ук,"комедия, драма",tt0497137
Я — Карл,2021,Германия,Кристиан Швохов,драма,tt9205538
Я — капитан,2023,"Италия, Бельгия, Франция",Маттео Гарроне,драма,tt14225838
"Я — Иван, ты — Абрам",1993,"Франция, Беларусь",Йоланда Зоберман,драма,tt0107588
Я — Грета,2020,"Швеция, Германия",Натан Гроссман,документальный фильм,tt10394738
Я — вожатый форпоста,1986,СССР,Геннадий Полока,"детский фильм, исторический фильм, комедия",tt2912998
Я — Водолаз-2,1975,СССР,Владимир Хмельницкий,"драма, киноповесть",N/A
Я — бог,2009,Индия,Бала,"боевик, драма",tt1379228
Я — беглый каторжник,1932,США,Мервин Лерой,"криминальный, триллер",tt0023042
Я — актриса,1980,СССР,Виктор Соколов,биографический фильм,tt0232970
Я — «Берёза»,Нет данных,СССР,Дамир Вятич-Бережных,военная драма,tt5036358
Юха (фильм),1999,Финляндия,Аки Каурисмяки,"комедия, драма, мелодрама",tt0158692
Юхан-скиталец,2010,Норвегия,Грета Саломонсен,"детский, драматический, фильм",tt1230478
Юрьев день (фильм),2008,Россия,Кирилл Серебренников,драма,tt1227796
Юркины рассветы,1974,СССР,Николай Ильинский,Киноповесть,tt4840330
Юрка — сын командира,1984,СССР,Николай Лукьянов,драма,tt0264200
"Юрик. Дорога, не касаясь земли (фильм)",2023,"Украина, Эстония",Александр Тименко,драма,N/A
Юрий Носенко: двойной агент,1986,Великобритания,Мик Джексон,Нет данных,tt0092277
Юрий Гагарин (фильм),1969,СССР,Юрий Сальников,документальный,N/A
Юри Румм,1929,Эстония,Йоханнес Луп,комедия,tt0212268
Юра дворник,2023,Россия,Виталий Дудка,драмеди,tt24178392
Юппи-ду,1975,Италия,"Адриано Челентано, Мики Дель Прете","рок-мюзикл,, киноэссе, комедия, Поп, Рок",tt0168265
Юный экзорцист,1994,США,Грант Остин Уолдман,комедия,tt0111383
Юный Фриц (фильм),1943,СССР,"Григорий Козинцев, Леонид Трауберг","политическая, сатира",tt0319584
Юный Пьеро,1907,Франция,Сегундо де Шомон,драма,tt0449356
Юный преступник,1973,Гонконг,"Чжан Чэ, Гуй Чжихун","драма, боевик",tt0069959
Юный детектив,2020,Канада,Ивэн Морган,"комедийная драма, детектив",tt8980602
Юный гитлеровец Квекс,1933,Германия,Ханс Штайнхоф,драма,tt0024127
Юный Вертер,2024,Канада,José Lourenço,романтическая комедия,tt21857662
Юные сердца,2024,"Бельгия, Нидерланды",Энтони Схаттеман,история взросления,tt15245268
Юные дикари,1961,США,Джон Франкенхаймер,"криминальная, драма",tt0055633
Юные бизнесмены,1992,Канада,Жан Бодри,комедия,tt0105600
Юность поэта,1937,СССР,Абрам Народицкий,Биографический,tt0129654
Юность Петра,1980,"СССР, ГДР",Сергей Герасимов,"фильм-биография, исторический фильм",tt0171932
Юность наших отцов,1958,СССР,"Михаил Калик, Борис Рыцарев",героическая киноповесть,tt0052418
Юность Максима,1934,СССР,"Григорий Козинцев, Леонид Трауберг","драма, пропаганда",tt0027235
Юность командиров,1939,СССР,Владимир Вайншток,"пропагандистский фильм, псевдо-военный, приключения",tt22890090
Юность Виктора Варгаса,2002,США,Питер Соллетт,драма,tt0316188
Юность Бемби,1986,СССР,Наталья Бондарчук,"фильм, сказка, экранизация",tt0092275
Юности первое утро,1979,СССР,Давлатназар Худоназаров,"исторический фильм, драма, экранизация",tt0814406
Юнона и павлин,1929,Великобритания,Альфред Хичкок,драма,tt0021015
Юнион Пасифик (фильм),1939,США,Сесил де Милль,"драма, вестерн",tt0032080
Юнга со шхуны «Колумб»,1963,СССР,Евгений Шерстобитов,Приключенческий фильм,tt2061862
Юнга Северного флота,1973,СССР,Владимир Роговой,драма,tt0072433
Юнга (фильм),1994,США,Адам Резник,"комедия, мелодрама, музыкальный фильм",tt0109361
Юная любовь,2014,США,Джейкоб Майкл Келлер,Нет данных,tt4085020
Юнайтед (фильм),Нет данных,Великобритания,Джеймс Стронг,драма,tt1777034
Юморист (фильм),2018,"Россия, Латвия, Чехия",Михаил Идов,драма,tt7352942
Юмореска (фильм),1946,США,Жан Негулеско,"Мелодрама, Музыкальный фильм",tt0038622
Юлюс Янонис (фильм),1959,СССР,"Балис Браткаускас, Витаутас Дабашинскас","фильм-биография, историко-революционный",tt4924202
Юлька (фильм),1972,СССР,Константин Жук,мелодрама,tt4716784
"Юлия, Анна, Геновефа...",1967,ПНР,Анна Соколовска,психологическая драма,tt0063165
Юлия Икс,2011,США,П.Дж. Петтьетте,"ужасы, триллер",tt1533058
Юлия Вревская (фильм),1977,"СССР, Болгария",Никола Корабов,"фильм-биография, исторический, военный",tt0076946
Юлия возвращается домой,2002,Германия,Агнешка Холланд,ломтик жизни,tt0246719
"Юлий Цезарь (фильм, 2002)",Нет данных,"Нидерланды, Италия, Германия, США",Ули Эдель,"фильм-биография, исторический фильм, драма, пеплум, военный фильм",tt0284741
"Юлий Цезарь (фильм, 1953)",1953,США,Джозеф Манкевич,"драма, исторический",tt0045943
"Юлий Цезарь (фильм, 1908)",1908,США,"Джеймс Стюарт Блэктон, Уильям Рэноус","драма,исторический фильм",tt0000709
Юленька,2009,Россия,Александр Стриженов,фильм ужасов,tt1372747
Южный календарь,2010,Россия,Денис Карро,драма,tt3831854
Южное гостеприимство,1981,США,Уолтер Хилл,"боевик, триллер",tt0083111
Юдифь из Бетулии,1913,США,Дэвид Уорк Гриффит,"приключенческий фильм, фильм-биография, драма, исторический фильм, мелодрама",tt0004181
"Юдифь и Олоферн (фильм, 1929)",1929,Италия,Бальдассарре Негрони,пеплум,tt0018940
Юджени,1973,Лихтенштейн,Хесус Франко,"драма, триллер",tt0218181
"Юг (фильм, 2004)",2004,Нидерланды,Мартин Кулховен,драма,tt0350373
Юг Тихого океана (фильм),1958,США,Джошуа Логан,"мюзикл, мелодрама",tt0052225
"Юг (фильм, 1983)",1983,Испания,Виктор Эрисе,драма,tt0084740
Ювелирный магазин (фильм),1989,"Австрия, Канада, Италия, Германия",Майкл Андерсон,драма,tt0094787
Ювелир (фильм),2005,США,Уильям Тэннен,боевик,tt0432267
Юбилейные концерты Софии Ротару,2007,Россия,София Ротару,Музыкальный концерт,N/A
Юбилей прокурора,2003,Россия,Михаил Кокшенов,комедия,tt0386134
Юбилей Данте,1978,"СССР, Азербайджанская ССР","Гюльбениз Азимзаде, Анар","драма, мелодрама",tt1493313
Ю-571,2000,"Франция, США",Джонатан Мостоу,"военный фильм, драма",tt0141926
Эшелон из рая,1962,Чехословакия,Збынек Бриних,"драма,, военный",tt0056609
Эшелон доктора М.,1955,Югославия,Живорад «Жика» Митрович,"военный, драма",tt0172399
Эхо тёмной империи,1990,"Германия, Франция",Вернер Херцог,документальный фильм,tt0162941
Эшби (фильм),2015,США,Тони Макнамара,"комедия-драма, криминал",tt3774466
"Эхо любви (фильм, 1974)",1974,СССР,Болотбек Шамшиев,"киноповесть, экранизация",tt0174615
Эффи Брист Фонтане,1974,ФРГ,Райнер Вернер Фасбиндер,драма,tt0071458
"Эхо (фильм, 2008)",2008,США,Ям Ларанас,"фильм ужасов, драма, фильм о привидениях",tt0897347
Эффи (фильм),2014,Великобритания,Ричард Лэкстон,"драма, фильм-биография",tt1605798
Эффект спускового крючка,1996,США,Дэвид Кепп,триллер,tt0117965
Эффект Ромашкина,1973,СССР,Роман Гургенович Балаян,Нет данных,tt0170857
Эффект Марты Митчелл (фильм),2022,США,Anne Alvergue,документальный фильм,tt16379454
Эффект Лазаря (фильм),2015,США,Дэвид Гелб,фильм ужасов,tt2918436
Эффект Кориолиса (фильм),1994,США,Луис Веноста,"короткометражный, комедия, драма",tt0109481
Эффект колибри,2013,Великобритания,Стивен Найт,"боевик, триллер, драма",tt1893256
Эффект бабочки 3: Откровения,2009,США,Сет Гроссман,"драма, фантастика",tt1234541
Эффект бабочки 2,2006,США,Джон Леонетти,"фантастика, драма, триллер",tt0457297
Эффект бабочки (фильм),2004,США,"Эрик Бресс, Дж. Мэки Грубер","драма, психологический триллер, научная фантастика",tt0289879
Эфир (фильм),2018,"Польша, Украина, Литва, Венгрия, Италия",Кшиштоф Занусси,"фильм-триллер, драма",tt7368668
Этюды о Врубеле,1989,СССР,Леонид Осыка,"фильм-биография, исторический фильм",tt5735932
Этюды втроём,2009,Испания,Сальвадор Гарсия Руис,"эротическая, драма",tt1188985
"Этюд в багровых тонах (фильм, 1933)",1933,США,Эдвин Л. Марин,детектив,tt0024625
Эту пару создал Бог,2008,Индия,Адитья Чопра,"комедия, мелодрама",tt1182937
"Этторе Фиерамоска (фильм, 1938)",1938,Италия,Алесса́ндро Блазе́тти,"исторический, военный,, драма",tt0030107
Этруски убивают ещё,1972,"Италия, ФРГ, Югославия",Армандо Криспино,фильм ужасов,tt0068625
"Этот чёртов кот (фильм, 1965)",1965,США,Роберт Стивенсон,"комедия, детский фильм, экранизация романа",tt0059793
Этот счастливый народ,1944,Великобритания,Дэвид Лин,драма,tt0037367
Этот странный лунный свет,1987,СССР,Гунар Цилинский,"драма, экранизация",tt0301277
Этот смутный объект желания,1977,"Франция, Испания",Луис Бунюэль,"драма, комедия, притча",tt0075824
Этот проклятый бронепоезд,1978,Италия,Энцо Дж. Кастеллари,"приключенческий фильм, комедия",tt0076584
Этот поцелуй,2007,Австралия,Кайли Эдди,Мелодрама,tt1067928
Этот остров Земля,1955,США,"Джозеф М. Ньюман, Джек Арнольд","научная фантастика, ужасы",tt0047577
Этот новый мир,2021,Франция,Луи Гаррель,комедия,tt13846352
"Этот неловкий момент (фильм, 2015)",2015,Франция,Жан-Франсуа Рише,комедия-драма,tt2191765
"Этот неловкий момент (фильм, 2014)",2014,США,Том Гормикэн,"комедия, саундтрек",tt1800246
Этот негодяй Сидоров,1983,СССР,Валентин Горлов,комедия,tt0261681
Этот красавчик Браммелл,2006,Великобритания,Филиппа Лоуторп,"драма, исторический фильм",tt0788026
Этот замечательный мир,1939,США,В. С. ван Дайк,"криминальный фильм, комедия, мелодрама",tt0031500
"Этот жестокий, никчёмный парень",1972,Польша,Януш Насфетер,"психологическая, драма",tt0069356
Этот жестокий век,1957,"Франция, США, Италия",Рене Клеман,"драма, экранизация литературного произведения",tt0051400
Этот безумный круиз,2015,США,Майкл Гроссман,"комедия, семейный",tt4058572
Этому быть!,2021,"Франция, Швейцария","Александр Жольен, Бернар Кампан","комедийная драма, бадди-муви",tt13553662
Этой ночью,2021,США,Джеймс Демонако,драма,tt7743120
Этой ночи жена,1930,Япония,Ясудзиро Одзу,драма,tt0021406
"Это, блин, рождественское чудо",2014,США,Тристрам Шапиро,"комедия, драма",tt0910885
Это Элвис (фильм),1981,США,"Малкольм Лео, Эндрю Солт","фильм-биография, документальный фильм, музыкальный фильм, Саундтрек",tt0083193
"Это убийство, моя милочка",1944,,Эдвард Дмитрык,Фильм нуар,tt0037101
Это убийство,1977,США,Сэм Рэйми,комедия,tt0076216
Это старое чувство,1997,США,Карл Райнер,"комедия, драма",tt0120318
Это случилось однажды ночью,1934,США,Фрэнк Капра,"романтическая комедия, роуд-муви, комедия о возобновлении брака",tt0025316
Это случилось на Пятой авеню,1947,США,Рой Дель Рут,романтическая комедия,tt0039502
Это случилось завтра,1944,США,Рене Клер,"фэнтези, флешбэк-фильм, комедия, драма",tt0036962
Это случилось на Всемирной выставке,1963,США,Норман Таурог,"комедия, мюзикл, мелодрама",tt0057191
Это случилось в полночь,1957,США,Джозеф Певни,Фильм нуар,tt0050704
Это случилось в милиции,1963,СССР,Виллен Азаров,драма,tt0057046
Это случается только с другими,1971,"Франция, Италия",Надин Трентиньян,драма,tt0068026
Это сладкое слово — свобода!,1972,СССР,Витаутас Жалакявичюс,драма,tt0199503
Это сильнее меня,1973,СССР,Фёдор Филиппов,мелодрама,tt0314037
Это свободный мир,2007,"Великобритания, Италия, Германия, Испания, Польша",Кен Лоуч,драма,tt0807054
Это развод!,2009,США,Шерил Хайнс,комедия,tt1133993
Это пришло с небес,Нет данных,"США, Канада",Джек Бендер,драма,tt0130036
Это прибыло со дна моря,1955,США,Роберт Гордон,"научно-фантастический, фильм ужасов",tt0048215
Это очень забавная история,2010,США,"Анна Боден, Райан Флек","драма, комедия",tt0804497
Это особенное лето,2007,"Швеция, Финляндия",Нанна Хуолман,драма,tt0847183
Это неопределённое чувство,1941,США,Эрнст Любич,романтическая комедия,tt0034274
"Это не я, это другой (фильм, 2004)",2004,"Канада, Франция, Великобритания",Ален Залум,комедия,tt0428287
"Это не я, это — он!",1980,Франция,Пьер Ришар,комедия,tt0078923
Это не я,2024,Франция,Леос Каракс,"драма, биография",tt27989261
Это не шутка,1976,ГДР,Клаус Добберке,драма,tt0388173
Это не фильм,2011,Иран,"Джафар Панахи, Моджтаба Миртахмасб",документальный фильм,tt1667905
"Это не похороны, это — воскресение",2019,Лесото,Lemohang Jeremiah Mosese,драма,tt10849514
Это не может случиться здесь,1950,Швеция,Ингмар Бергман,триллер,tt0043019
Это не Леди Гага,2011,США,Аксель Браун,"порнографический фильм, порнопародия, комедия",tt2281539
Это не должно повториться,1965,ГДР,"Андре Торндайк, Аннели Торндайк",документальный фильм,tt0167128
Это не Аватар,2010,США,Аксель Браун,"научно-фантастический фильм, порнофильм, порнопародия",tt1733302
Это начиналось так...,1956,СССР,"Яков Сегель, Лев Кулиджанов",драма,tt0049191
Это началось в Неаполе,1960,США,Мелвилл Шавельзон,комедия,tt0053957
Это началось в Альпах,1967,Япония,Кэнго Фурусава,драма,tt0203006
"Это мы, Господи! (фильм)",1990,СССР,Александр Итыгилов,"военный фильм, драма",tt2072961
Это мы не проходили,1975,СССР,Илья Фрэз,Киноповесть,tt0072955
Это моя собака,2012,"Россия, Украина",Александр Итыгилов-младший,мелодрама,tt10783582
Это моя жизнь (фильм),1992,США,Нора Эфрон,драма,tt0105577
Это моя вечеринка,1996,США,Рэндал Клайзер,драма,tt0113443
"Это мой парк (фильм, 1985)",1985,США,Стивен Хиллиард Штерн,"драма, боевик",tt0091724
Это мгновение,1968,СССР,Эмиль Лотяну,Нет данных,tt0172405
Это любовь!,неизвестно,США,Ник Валлелонга,романтическая комедия,tt8000124
Это зима,2006,"Иран, Франция",Рафи Питтс,драма,tt0499166
Это жизнь!,1986,США,Блейк Эдвардс,"мелодрама, трагикомедия",tt0092079
Это жизнь,2008,Турция,Реха Эрдем,драма,tt1370212
Это всего лишь конец света,2016,"Канада, Франция",Ксавье Долан,драма,tt4645368
Это всё она,1999,США,Роберт Исков,"мелодрама, комедия",tt0160862
Это было у моря,1989,СССР,Аян Шахмалиева,драма,tt0097299
Это было в Шугле,1955,СССР,Мажит Бегалин,Нет данных,tt0231548
Это было в разведке,1968,СССР,Лев Мирский,военный фильм,tt0314036
Это было в Коканде (фильм),1977,СССР,Учкун Назаров,"исторический, приключенческий, драма",tt5450320
Это было в Донбассе,1945,СССР,"Леонид Луков, Владимир Сухобоков","военный фильм, исторический фильм",tt0037684
Это будут герои,1970,Гонконг,Чжан Чэ,"боевик, драма, исторический фильм",tt0070684
"Это безумный, безумный, безумный, безумный мир",1963,США,Стэнли Крамер,"комедийное, роуд-муви",tt0057193
Это Англия,2006,Великобритания,Шейн Медоуз,драма,tt0480025
Это (фильм),1927,США,Кларенс Баджер,"мелодрама, комедия",tt0018033
Это — Spinal Tap!,1984,США,Роб Райнер,"комедия, музыкальный фильм",tt0088258
Это — катастрофа,2012,США,Тодд Бергер,"комедия, чёрная комедия",tt1995341
Этим утром в Нью-Йорке,2014,США,Фил Олден Робинсон,трагикомедия,tt1294970
Этим летом,2018,США,Бекка Глисон,комедия,tt7284204
Этим вечером ангелы плакали,2008,Россия,"Андрей Волгин, Максим Кондратенко","драма, мелодрама",tt1371624
Этим вечером,2004,Франция,Лор Дютиёль,драма,tt0403347
Эти… три верные карты…,1988,СССР,Александр Орлов,"драма, экранизация",tt0255150
Эти ужасные шляпы,1909,США,Дэвид Уорк Гриффит,комедия,tt0001062
Эти трое,1936,США,Уильям Уайлер,драма,tt0028356
"Эти разные, разные, разные лица…",1971,СССР,"Игорь Ильинский, Юрий Сааков",комедия,tt0322198
"Эти невероятные музыканты, или Новые сновидения Шурика",Нет данных,СССР,Юрий Сааков,"комедия, музыкальный фильм, телефильм",tt6213178
Эти муки любви,1914,США,Чарльз Чаплин,комедия,tt0004693
Эти дни,2016,Италия,Джузеппе Пиччиони,"комедия, драма",tt5784568
Этерна: Часть первая,2022,Россия,Евгений Невский,"фэнтези, драма, приключения",tt15531294
"Этажом выше (фильм, 1937)",1937,Польша,Леон Тристан,комедия,tt0030586
Эта штука под названием любовь,1991,Гонконг,Ли Чи-Нгай,драма,tt0102074
Эта тревожная зима,1975,СССР,Игорь Николаев,киноповесть,tt0322195
Эта проклятая покорность,1970,СССР,Альгирдас Дауса,"драма, мелодрама",tt34201867
Эта прекрасная страна,2005,Израиль,Эял Халфон,драма,tt0468729
Эта опасная дверь на балкон,1976,СССР,Дзидра Ритенберга,молодёжная драма,tt0353426
"Эта минута, этот миг",1981,Чехословакия,Иржи Секвенс,"драма, экранизация",tt0175225
Эта кошмарная Пэт,1994,США,Адам Бернштейн,комедия,tt0110169
Эта земля моя,1943,США,Жан Ренуар,"военный фильм, драма",tt0036431
Эта замечательная жизнь Франца Кафки,1993,Великобритания,Питер Капальди,"короткометражный фильм, комедия, биография",tt0106961
Эта замечательная жизнь,1946,США,Фрэнк Капра,"Фэнтези, Драма, Трагикомедия",tt0038650
Эта дурацкая любовь,2011,США,"Гленн Фикарра, Джон Рекуа","мелодрама, комедия, драма",tt1570728
Эта девушка (фильм),2000,"США, Франция",Санди Зиг,драма,tt0249538
Эта дама в горностае,1948,США,"Эрнст Любич, Отто Премингер","музыкальная, комедия",tt0040869
Эта весёлая планета,1973,СССР,"Юрий Сааков, Юрий Цветков","комедия, фантастика, мюзикл",tt0070042
Эсперанса (фильм),1988,"СССР, Мексика",Серхио Ольхович,"фильм-биография, драма, исторический фильм",tt0095114
Эспен в королевстве троллей,2017,Норвегия,Миккель Бренне Сандемусе,"фэнтези, приключение",tt5628418
Эспен — самый сложный спуск,1993,США,Патрик Хэсбург,"боевик, драма",tt0106315
"Эсмеральда (фильм, 1905)",1905,Франция,"Алис Ги-Блаше, Виктория-Хипполит Джассе",драма,tt0000511
Эскортница (фильм),2023,Россия,Михаил Погосов,"драма, эротика",tt22444780
Эскорт для дам,2007,"Великобритания, США",Пол Шредер,"драма, криминальный фильм, ЛГБТ-фильм, фильм-тайна",tt0783608
Эскобар (фильм),2017,Испания,Леон де Араноа,"биография,, драма",tt4682788
Эскизы углём,1956,Польша,Антоний Богдзевич,драма,tt0051041
Эскиз на мониторе,2001,"Беларусь, Белорусская ССР",Руслан Зголич,драма,tt27119693
Эскадрон гусар летучих,1980,СССР,"Станислав Ростоцкий, Никита Хубов","приключенческий фильм, исторический фильм, военный фильм",tt0174627
Эскадрон (фильм),1992,"Польша, Бельгия, Франция, Украина",Юлиуш Махульский,"драма,, исторический, военный",tt0108273
Эскадрилья № 5,1939,СССР,Абрам Роом,"пропагандистский фильм, псевдо-военный",tt0175596
Эскадрилья 633,1964,Великобритания,Уолтер Грауман,драма,tt0057811
Эскадрилья «Москито»,1969,Великобритания,Борис Сагал,драма,tt0064699
Эскадрилья «Летучая мышь»,1958,ГДР,Эрих Энгель,военный фильм,tt0051651
Эскадрилья «Лафайет»,2006,"США, Великобритания",Тони Билл,"военная, драма, боевик",tt0454824
Эскадра уходит на запад,1965,СССР,"Мирон Билинский, Николай Винграновский","исторический фильм, биографический, приключенческий фильм",tt5036458
ЭСД: Экспериментальный сигнал добра,1986,Польша,Анна Соколовская,"детский фильм, подростковый фильм",tt0092943
Эсав (фильм),2019,"Россия, Израиль, Великобритания",Павел Семёнович Лунгин,драма,tt6458566
Эрудиция (фильм),2012,"Германия, Австралия, Великобритания",Кейт Шортланд,"драма, военный",tt1996310
Эрскинвильские короли,1999,Австралия,Алан Уайт,драма,tt0212936
Эрроусмит (фильм),1931,США,Джон Форд,драма,tt0021622
Эротические ночи живых мертвецов,1980,Италия,Джо д’Амато,"эротический фильм ужасов, пародия",tt0079642
Эрос + убийство,1969,Япония,Ёсисигэ Ёсида,драма,tt0064296
"Эротикон (фильм, 1929)",1929,Чехословакия,Густав Махаты,"мелодрама, драма",tt0019850
Эрос (фильм),2004,"США, Италия, Гонконг, Франция, Люксембург, Великобритания, Китай","Вонг Карвай, Стивен Содерберг, Микеланджело Антониони","драма, эротика",tt0343663
Эроика,1958,Польша,Анджей Мунк,"военный, драма",tt0050359
Эрнст Тельман — сын своего класса,1954,ГДР,Курт Метциг,биографический фильм,tt0046958
Эрнест снова в седле,1993,США,Джон Черри,"комедия, семейный фильм",tt0106827
Эрнест спасает Рождество,1988,США,Джон Черри,"комедия, семейный фильм, фэнтези",tt0095107
Эрнест садится в тюрьму,1990,США,Джон Черри,"комедия, криминальный фильм, семейный фильм",tt0099512
Эрнест в школе,1994,США,Коук Сэмс,"комедия, семейный фильм",tt0109739
Эрнест в лагере,1987,США,Джон Черри,"комедия, семейный фильм",tt0092974
Эрин Брокович (фильм),2000,США,Стивен Содерберг,"драма, байопик",tt0195685
Эркюль и Шерлок против мафии,1996,Франция,Жанно Шварц,"комедия, криминальный фильм",tt0116520
Эрик-викинг,1989,"Великобритания, Швеция",Терри Джонс,"комедия, фэнтези",tt0097289
Эрик (фильм),1989,"США, Канада, Мексика",Майкл Кеннеди,боевик,tt0098027
Эрагон (фильм),2006,"Великобритания, США, Венгрия",Стефан Фангмейер,"боевик, приключенческий фильм, семейный фильм, фэнтези",tt0449010
Эра драконов,2011,США,Райан Литтл,"боевик, фантастический фильм, фэнтези",tt1594917
Эра выживания,2022,"Литва, Франция, Бельгия","Кристина Буожите, Бруно Сампер","научная фантастика, антиутопия, драма",tt20225374
"Эра вампиров (фильм, 2002)",2002,"Гонконг, Япония, Нидерланды",Уэллсон Чин,"комедия, боевик, ужасы, фэнтези",tt0303970
Эпохальное путешествие пана Тржиски в Россию,2011,"Чехия, Россия",Филип Ремунда,документальный,tt3617196
Эпоха синтвейва,2019,"США, Испания",Иван Кастель,документальный фильм,tt9320300
Эпоха невинности,1993,США,Мартин Скорсезе,мелодрама,tt0106226
Эпоха героев,2011,Великобритания,Эдриан Виториа,"боевик, приключенческий фильм, триллер, военный фильм",tt1590950
Эпоха вероломства,1993,США,Кевин Коннор,приключенческий фильм,tt0106227
Эпоха (фильм),2001,США,Мэтт Код,фантастика,tt0233657
Эпилог (фильм),Нет данных,США,Майк Николс,драма,tt0243664
Эпилированные горячим воском байкеры-зомби,1999,США,Майкл Роуш,"фильм ужасов, комедия",tt0160376
Эпизод из жизни сборщика железа,2013,"Босния и Герцеговина, Франция, Италия, Словения",Данис Танович,"драма, документальная фантастика",tt2507592
Эпизод из жизни Дмитрия Донского,1909,Россия,Кай Ганзен,"историческая, драма, короткометражка",tt1774349
Эпидемия: Вирус-32,2022,Аргентина,Густаво Эрнандес,фильм ужасов,tt12298140
Эпидемия одержимости,1999,"Дания, Швеция, Норвегия, Румыния",Андерс Рённов-Кларлунд,"боевик, криминальный фильм, фильм ужасов, мистика, триллер, драма",tt0193763
"Эпидемия (фильм, 2013)",2013,Испания,"Давид Пастор,, Алекс Пастор","научно-фантастический фильм, постапокалиптический фильм",tt1935914
"Эпидемия (фильм, 1995)",1995,США,Вольфганг Петерсен,"фильм-катастрофа, драма",tt0114069
"Эпидемия (фильм, 1987)",1987,Дания,Ларс фон Триер,"драма, триллер, детектив",tt0092972
Эон Флакс,2005,США,Карин Кусама,"фантастика, боевик, постапокалиптика",tt0402022
Эоломея,1972,"СССР, ГДР, Болгария",Герман Чохе,Фантастика,tt0068542
Энтузиазм: Симфония Донбасса,1930,СССР,Дзига Вертов,документальный фильм,tt0021375
Энтузиаст (фильм),1986,США,Рон Ховард,Комедия,tt0091159
Энтропия (фильм),2012,Россия,Мария Саакян,чёрная комедия,tt2649094
Энтони Несчастный,1936,США,Мервин Лерой,приключенческий фильм,tt0027300
Энох Арден (фильм),1911,США,Дэвид Гриффит,мелодрама,tt0003886
Энола Холмс,2020,"США, Великобритания",Гарри Брэдбир,детектив,tt7846844
Энола Холмс 2,2022,"США, Великобритания",Гарри Брэдбир,детектив,tt14641788
Энни: Королевское приключение,1995,США,Иэн Тойнтон,семейный фильм,tt0112374
Энни Холл,1977,США,Вуди Аллен,романтическая комедия,tt0075686
"Энни Оукли (фильм, 1894)",1894,США,Уильям Диксон,вестерн,tt0229220
"Энни Окли (фильм, 1935)",1935,США,Джордж Стивенс,вестерн,tt0026073
"Энни (фильм, 2014)",2014,США,Уилл Глак,"семейный, мюзикл, драма, комедия",tt1823664
"Энигма (фильм, 2001)",2001,"Великобритания, США, Германия, Нидерланды",Майкл Эптед,детектив,tt0157583
Эники-Беники,2025,США,Нет данных,"фильм-триллер, фильм-ограбление",tt15514498
"Энигма (фильм, 1987)",1987,"Италия, Югославия",Лучо Фульчи,Фильм ужасов,tt0092516
Энергия (фильм),1941,США,Рауль Уолш,драма,tt0035034
"Энигма (фильм, 1982)",1982,"Великобритания, Франция",Жанно Шварц,"драма, триллер",tt0083891
Энеа (фильм),2023,Италия,Пьетро Кастеллитто,драма,tt27219440
Эндшпиль: план глобального порабощения,2007,США,Алекс Джонс,документальный,tt1135489
Энди и воздушные рейнджеры,1988,США,Дебора Брок,"приключенческий фильм, фэнтези, фантастика",tt0094655
"Энджи (фильм, 1994)",1994,США,Марта Кулидж,"мелодрама, кинокомедия",tt0109129
Эмпайр-стейт,2013,США,Дито Монтиель,"боевик, драма",tt2171867
Эмпайр,1964,США,Энди Уорхол,"документальный фильм, немое кино",tt0196530
Эмос и Эндрю,1993,США,И. Макс Фрай,комедия,tt0106266
Эммануэль в Америке,1977,Италия,Джо д’Амато,"эротика, с элементами, порнографии",tt0074473
Эммануэль 7,1993,Франция,Франсис Леруа,"эротика, драма",tt0160245
Эммануэль 6,1988,Франция,"Жан Роллен, Брюно Зинкон","эротический фильм, мелодрама",tt0095094
Эммануэль 5,1987,Франция,"Стив Барнетт, Валериан Боровчик",эротика,tt0092962
Эммануэль 4,1984,Франция,Франсис Леруа,эротика,tt0085486
Эммануэль 2,1975,Франция,Франсис Джакобетти,"эротическая, драма",tt0072933
"Эммануэль (фильм, 2024)",2024,Франция,Одри Диван,эротика,tt20247888
"Эммануэль (фильм, 1974)",1974,Франция,Жюст Жакен,"эротика, с элементами, порнографии, мелодрама",tt0071464
"Эмма (фильм, 2020)",2020,Великобритания,Отем де Уайлд,"историческая, романтическая, комедийная драма",tt9214832
"Эмма (фильм, 1948)",1948,Великобритания,Майкл Барри,"драма, мелодрама",tt0497612
Эмма (фильм Диармайда Лоуренса),Нет данных,Великобритания,Диармайд Лоуренс,"кинокомедия, любовная история",tt0118308
Эмма (фильм Дугласа Макграта),1996,"Великобритания, США",Дуглас Макграт,романтическая кинокомедия,tt0116191
Эмиссар заграничного центра,1979,СССР,Василе Брескану,приключения,tt13658072
Эмилия Перес,2024,Франция,Жак Одиар,"музыкальный фильм, комедия, ЛГБТ-фильм, криминальный фильм, драма",tt20221436
Эмилия Мюллер (фильм),1994,Франция,Ивон Марсиано,комедия,tt0179167
Эмигранты (фильм),1971,Швеция,Ян Труэль,драма,tt0067919
Эмили (фильм),2022,Великобритания,Фрэнсис О’Коннор,"биографический фильм, драма, исторический фильм",tt12374656
"Эмигранты (фильм, 2021)",2021,Швеция,Эрик Поппе,драма,tt4697290
Эмигрант (фильм),1973,"Италия, Испания, ФРГ",Паскуале Феста Кампаниле,комедия,tt0070028
Эми (фильм),2015,Великобритания,Асиф Кападия,"документальный, музыкальный, биографический",tt2870648
Эме и Ягуар,1999,Германия,Макс Фербербёк,драма,tt0130444
Эмбрион (фильм),1998,США,Брайан Юзна,"фильм ужасов, кинофантастика",tt0167350
Эмануэль и правда о рыбах,2013,США,Франческа Грегорини,драма,tt1838520
Эльф (фильм),2003,США,Джон Фавро,"семейный, комедия",tt0319343
"Эльдорадо (фильм, 1966)",1966,США,Говард Хоукс,вестерн,tt0061619
Эльсинор (фильм),2026,"Великобритания, США",Саймон Стоун,биографический фильм,tt37363222
"Эльдорадо (фильм, 1921)",1921,Франция,Марсель Л’Эрбье,авангард,tt0012134
Эльвира Мадиган (фильм),1967,Швеция,Бу Видерберг,мелодрама,tt0061620
Эльвира — повелительница тьмы 2,2001,США,Сэм Ирвин,комедия,tt0265171
Эльвира — повелительница тьмы,1988,США,Джеймс Синьорелли,комедия,tt0095088
Эль-Аламейн (фильм),2002,Италия,Энцо Монтелеоне,"драма, военный",tt0329042
Эль Муэрто (фильм),Нет данных,США,Хонас Куарон,супергеройский фильм,tt19845348
Эль Сид (фильм),1961,"США, Италия",Энтони Манн,драма,tt0054847
Элфи,1966,Великобритания,Льюис Гилберт,драма,tt0060086
Элмер Гантри (фильм),1960,США,Ричард Брукс,драма,tt0053793
Эллинг (фильм),2001,Норвегия,Петтер Несс,"комедия, драма",tt0279064
"Эллери Куин, мастерский детектив",1940,США,Курт Нойман,"Детективный фильм, Комедия",tt0032438
Элли Паркер,2005,США,Скотт Коффи,"драма, комедия",tt0436262
Эллери Куин и идеальное преступление,1941,США,Джеймс П. Хоган,"Детективный фильм, Комедия",tt0033573
Элитный отряд 2,2010,Бразилия,Жозе Падилья,"боевик, криминальный фильм, драма",tt1555149
Элла Маккей,2025,США,Джеймс Л. Брукс,комедийный фильм,tt30096221
